Items,melt,traction,COULEUR,I_CM,I_G,I_F,cendre,I1
HIPS,5.0,23.8,BK,INJ,1,RP,5.0,1.6
HIPS,4.6,24.84,BK,EXT,1,RP,0.38,1.56
HIPS,4.53,27.0,BK,EXT,1,RP,2.5,2.0
HIPS,5.0,29.84,BK,EXT,1,RP,4.6,1.5
HIPS,5.6,25.22,BK,INJ,1,RP,8.0,0.9
HIPS,5.0,26.72,BK,INJ,1,RP,5.0,1.2
HIPS,5.13,26.0,BK,INJ,1,RP,6.5,1.0
HIPS,5.75,1039.0,BK,INJ,1,RP,1.8,1.0
HIPS,5.7,24.88,BK,INJ,1,RP,1.8,1.2
HIPS,5.75,25.0,BK,INJ,1,RP,3.1,1.0
HIPS,5.0,24.2,BK,INJ,1,RP,4.5,1.1
HIPS,4.8,24.31,BK,OFF,1,RP,4.0,1.6
HIPS,6.85,24.0,BK,OFF,1,RP,3.2,2.0
HIPS,6.0,853.0,BK,INJ,1,RP,4.8,1.6
HIPS,7.0,835.0,BK,X,1,RP,3.3,1.7
HIPS,6.75,823.0,BK,X,1,RP,3.1,1.0
PP,20.83,844.0,BK,INJ,1,RP,4.1,1.0
PPH,35.0,1174.0,BK,HM,1,RP,3.0,0.5
PPH,38.0,1180.0,BK,HM,1,RP,3.0,0.5
PP,30.0,828.0,BK,INJ,1,RP,1.5,3.0
PP,13.0,808.0,BK,INJ,1,RP,2.0,4.0
PP,17.86,804.0,BK,INJ,1,RP,2.3,3.0
PP,13.0,800.0,BK,INJ,1,RP,1.9,1.9
PP,30.0,611.0,BK,INJ,1,RP,6.0,3.0
PP,27.5,798.0,BK,INJ,1,RP,5.6,1.0
PP,28.0,798.0,BK,INJ,1,RP,8.0,1.3
-,35.0,910.44,BK,INJ,1,RP,3.2,0.6
PP,36.0,970.5,BK,INJ,1,RP,3.0,0.8
PP,29.33,991.0,BK,INJ,1,RP,3.3,1.0
PP,28.0,1010.6,BK,INJ,1,RP,3.5,0.8
PP,22.0,954.0,BK,INJ,1,RP,2.9,1.2
PP,25.58,922.0,BK,INJ,1,RP,5.8,1.0
PP,23.0,854.0,BK,INJ,1,RP,3.3,1.3
PP,27.0,937.0,BK,INJ,1,RP,2.3,1.0
PP,37.0,1077.0,BK,INJ,1,RP,1.0,0.63
PP,34.0,895.64,BK,INJ,1,RP,0.6,1.1
PP,32.77,902.0,BK,INJ,1,RP,0.6,1.0
PP,37.0,893.0,BK,INJ,1,RP,0.5,1.2
PP,32.0,872.72,BK,INJ,1,RP,0.6,1.1
PP,30.0,785.12,BK,INJ,1,RP,0.5,1.2
PP,40.0,977.0,BK,INJ,1,RP,0.7,1.2
PP,30.0,954.45,BK,INJ,1,RP,0.5,1.3
HIPS,5.0,987.0,BK,X,1,RP,3.4,1.0
HIPS,5.4,1009.0,BK,X,1,RP,2.1,0.76
HIPS,5.38,984.0,BK,X,1,RP,2.4,1.0
HIPS,6.8,992.0,BK,X,1,RP,2.5,1.1
HIPS,5.0,970.0,BK,X,1,RP,2.0,0.9
HIPS,8.0,977.0,BK,X,1,RP,2.1,1.1
-,5.38,987.0,BK,X,1,RP,2.4,1.0
PP,24.38,895.0,BK,INJ,1,RP,3.7,1.0
PP,23.0,901.0,BK,INJ,1,RP,3.5,1.4
PP,30.0,900.0,BK,INJ,1,RP,3.4,1.3
PP,28.0,874.0,BK,INJ,1,RP,1.4,1.3
PP,27.11,881.0,BK,INJ,1,RP,2.6,1.0
PP,23.0,872.0,BK,INJ,1,RP,1.3,1.4
PP,26.0,887.0,BK,INJ,1,RP,5.3,1.1
PP,22.0,890.0,BK,INJ,1,RP,8.0,1.1
PP,36.0,1080.0,BK,INJ,1,RP,1.6,1.0
PPH,29.0,1147.0,BK,INJ,1,RP,0.8,0.5
PPH,31.57,1152.0,BK,INJ,1,RP,0.7,1.0
PPH,32.0,1156.0,BK,INJ,1,RP,0.6,0.5
PPH,40.0,1013.0,BK,HM,1,RP,2.2,0.7
PPH,42.17,1084.0,BK,HM,1,RP,2.1,1.0
PPH,39.0,1155.0,BK,HM,1,RP,2.0,1.3
PP,25.0,872.0,BK,INJ,1,RP,1.1,1.4
PP,27.4,877.0,BK,INJ,1,RP,1.2,1.0
PP,25.0,882.0,BK,INJ,1,RP,1.0,1.2
PP,25.0,907.0,BK,INJ,1,RP,2.6,1.0
PP,25.0,907.0,BK,INJ,1,RP,2.6,1.4
PP,30.0,892.0,BK,INJ,1,RP,1.8,1.3
PP,28.86,865.0,BK,INJ,1,RP,1.6,1.0
PP,28.0,837.0,BK,INJ,1,RP,1.6,1.4
PPH,33.0,964.0,BK,INJ,1,RP,3.8,1.0
PPH,30.0,940.0,BK,HM,1,RP,1.1,0.7
PPH,25.0,927.0,BK,HM,1,RP,1.3,0.6
PS,5.08,1275.0,MIX,X,1,RP,0.2,1.0
PS,6.7,1378.0,MIX,X,1,RP,0.1,0.6
PPH,45.0,1087.0,BK,HM,1,RP,2.0,0.6
PPH,45.0,1074.0,BK,HM,1,RP,1.8,1.0
PPH,40.0,1061.0,BK,HM,1,RP,1.7,0.7
PPH,35.0,1085.0,BK,HM,1,RP,2.8,0.5
PPH,38.0,1128.0,BK,HM,1,RP,2.4,0.6
HIPS,6.17,1056.0,BK,X,1,RP,4.2,1.0
-,6.15,1056.0,BK,X,1,RP,4.1,1.0
PP,26.0,909.0,BK,INJ,1,RP,3.1,1.1
PP,28.0,879.0,BK,INJ,1,RP,1.9,1.0
PPH,30.0,1203.0,BK,HM,1,RP,3.1,0.6
-,27.0,909.0,BK,INJ,1,RP,2.5,1.0
PPH,44.0,1153.0,BK,HM,1,RP,2.6,0.5
PPH,45.0,1113.0,BK,HM,1,RP,3.0,1.0
PPH,53.0,1062.0,BK,HM,1,RP,3.2,0.5
PPH,40.0,1125.0,BK,HM,1,RP,3.1,0.6
HIPS,7.1,928.0,BK,EXT,1,RG,4.0,1.9
HIPS,8.3,928.0,BK,EXT,1,RG,3.9,2.0
HIPS,7.0,1053.0,BK,X,1,RP,3.1,1.2
HIPS,6.2,1034.0,BK,X,1,RP,3.2,1.0
HIPS,6.5,1014.0,BK,X,1,RP,3.0,1.5
-,6.2,1034.0,BK,X,1,RP,3.2,1.0
PP,38.0,602.96,BK,INJ,1,RP,2.6,1.0
HIPS,6.6,992.0,BK,INJ,1,RP,3.6,1.3
PP,27.0,721.0,BK,INJ,1,RP,2.1,1.0
PP,27.0,721.0,BK,INJ,1,RP,2.1,1.2
PPH,36.0,1174.0,BK,HM,1,RP,1.6,0.8
PPH,38.0,1141.0,BK,HM,1,RP,1.8,0.8
PPH,38.0,1162.0,BK,HM,1,RP,1.7,1.0
PPH,38.0,1172.0,BK,HM,1,RP,1.8,0.8
PP,23.0,351.0,BK,INJ,1,RP,1.4,1.2
PP,24.62,952.0,BK,INJ,1,RP,2.4,1.0
PP,26.0,975.0,BK,INJ,1,RP,3.0,1.6
PP,23.0,986.82,BK,INJ,1,RP,2.0,1.28
PP,26.0,1004.52,BK,INJ,1,RP,3.0,1.3
PP,27.0,958.36,BK,INJ,1,RP,2.8,1.16
PPH,42.0,1174.0,BK,INJ,1,RP,0.43,0.45
PP,27.0,976.68,BK,INJ,1,RP,1.8,1.3
PP,28.44,969.0,BK,INJ,1,RP,1.8,1.0
PP,26.0,973.9,BK,INJ,1,RP,1.6,1.3
PP,29.0,926.1,BK,INJ,1,RP,1.7,1.42
PP,30.0,998.56,BK,INJ,1,RP,2.0,1.3
PP,27.0,979.44,BK,INJ,1,RP,3.2,1.0
PP,5.4,1098.0,MIX,INJ,E,RG,3.0,1.92
PPH,38.0,1175.0,BK,INJ,1,RP,2.0,1.2
PPH,40.0,1250.0,BK,HM,1,RP,3.1,0.6
PPH,43.0,1142.86,BK,HM,1,RP,2.8,0.49
PPH,44.0,1248.0,BK,HM,1,RP,2.9,0.5
PP,19.0,1116.0,BK,INJ,1,RP,13.0,1.0
PP,20.5,1085.0,BK,INJ,1,RP,11.1,1.0
PP,23.0,1126.0,BK,INJ,1,RP,12.0,1.0
PP,20.0,1108.8,BK,INJ,1,RP,11.0,1.0
PP,22.0,1062.0,BK,INJ,1,RP,12.0,0.76
PP,20.0,1013.0,BK,INJ,1,RP,10.0,0.8
PP,26.0,952.0,BK,INJ,1,RP,3.2,1.1
PP,25.5,976.0,BK,INJ,1,RP,2.4,1.0
PP,28.0,1016.0,BK,INJ,1,RP,3.3,1.0
PP,24.3,1041.0,BK,INJ,1,RP,2.4,1.0
PP,27.0,1117.0,BK,INJ,1,RP,2.8,1.5
PP,20.0,1097.0,BK,INJ,1,RP,3.0,1.0
PP,8.0,1073.0,BK,OFF,1,RP,2.3,1.91
PP,8.49,1013.0,BK,OFF,1,RP,2.3,2.0
PPH,36.0,1238.0,BK,HM,1,RP,3.5,0.45
PP,25.0,943.0,BK,INJ,1,RP,1.6,1.0
-,25.0,927.0,BK,INJ,1,RP,1.6,1.0
PP,25.0,940.0,BK,INJ,1,RP,1.4,1.2
PP,26.46,792.0,BK,INJ,1,RP,1.7,8.0
PP,27.0,792.0,BK,INJ,1,RP,1.1,7.91
PP,22.0,750.42,BK,INJ,1,RP,1.4,10.76
PP,25.0,772.0,BK,INJ,1,RP,2.2,10.49
PP,29.0,869.8,BK,INJ,1,RP,1.8,8.3
PP,27.0,757.84,BK,INJ,1,RP,1.6,8.0
-,27.0,782.0,BK,INJ,1,RP,1.8,9.0
HIPS,5.9,929.0,BK,X,S,RP,5.8,1.0
PP,26.0,997.0,MIX,INJ,E,RG,1.3,1.0
PP,24.0,990.0,BK,INJ,1,RP,1.4,1.15
HIPS,8.0,959.0,BK,X,S,RP,3.5,1.58
HIPS,5.29,968.0,BK,X,S,RP,3.3,2.0
HIPS,4.0,976.0,BK,X,S,RP,3.0,1.46
PP,25.0,775.0,BK,INJ,1,RP,1.2,11.41
PP,15.0,838.0,BK,INJ,1,RP,1.2,9.3
PP,17.0,857.24,BK,INJ,1,RP,1.5,7.3
HIPS,9.9,910.0,BK,X,1,RP,3.3,1.83
HIPS,8.81,913.0,BK,X,1,RP,3.2,2.0
-,28.0,967.0,BK,INJ,1,RP,1.2,1.2
PPH,25.0,1148.0,BK,HM,1,RP,2.3,0.73
PPH,29.09,1155.0,BK,HM,1,RP,1.9,1.0
PPH,27.0,1057.0,BK,HM,1,RP,2.4,0.75
PPH,35.0,1259.0,BK,HM,1,RP,1.7,0.46
PP,30.0,866.0,BK,INJ,1,RP,2.8,1.49
PP,30.0,968.02,BK,INJ,1,RP,2.6,1.2
PP,27.86,972.0,BK,INJ,1,RP,2.0,1.0
PP,28.0,987.58,BK,INJ,1,RP,2.5,1.2
PP,30.0,961.04,BK,INJ,1,RP,1.5,1.07
PP,26.0,973.0,BK,INJ,1,RP,1.9,1.2
PP,42.0,1014.68,BK,HM,1,RP,1.8,0.95
PP,37.0,1033.0,BK,HM,1,RP,1.6,1.0
PP,38.0,1069.0,BK,HM,1,RP,1.3,1.05
PP,37.59,1041.0,BK,HM,1,RP,1.4,1.0
PP,38.0,1026.0,BK,HM,1,RP,1.3,1.1
PP,41.0,1062.4,BK,HM,1,RP,1.1,1.0
-,37.59,1015.0,BK,HM,1,RP,1.4,1.0
PP,42.0,995.56,BK,HM,1,RP,2.2,0.8
PP,40.5,1013.0,BK,HM,1,RP,1.8,1.0
PP,40.0,998.36,BK,HM,1,RP,2.0,1.1
PP,40.0,1044.8,BK,HM,1,RP,1.5,1.18
PP,40.0,971.28,BK,HM,1,RP,0.8,1.4
PP,42.6,945.0,BK,HM,1,RP,0.9,1.0
PP,47.0,932.0,BK,HM,1,RP,1.0,1.22
PP,38.0,913.9,BK,HM,1,RP,1.0,1.3
PP,32.0,968.56,BK,HM,1,RP,1.1,1.4
PP,36.0,814.0,BK,INJ,1,RP,3.8,1.0
PPH,42.0,1401.4,BK,HM,1,RP,1.8,0.4
PPH,40.0,1398.6,BK,HM,1,RP,1.4,0.5
PPH,60.0,1416.8,BK,HM,1,RP,1.1,0.5
PP,40.0,924.0,BK,INJ,1,RP,0.8,1.1
PP,38.0,884.0,BK,INJ,1,RP,1.4,1.15
PP,20.0,1087.2,MIX,INJ,E,RG,0.8,0.82
PP,34.0,890.0,BK,INJ,1,RP,2.8,1.03
HIPS,4.3,966.0,BK,X,1,RP,5.0,1.6
HIPS,4.49,992.0,BK,X,1,RP,3.7,2.0
HIPS,4.3,973.0,BK,X,1,RP,5.2,1.6
HIPS,5.0,1021.86,BK,X,1,RP,3.8,1.48
HIPS,4.4,938.9,BK,X,1,RP,4.0,1.6
HIPS,4.4,979.0,BK,X,1,RP,3.0,1.5
HIPS,4.4,1017.48,BK,X,1,RP,4.0,1.54
HIPS,4.4,1034.8,BK,X,1,RP,3.6,1.3
HIPS,4.6,1015.58,BK,X,1,RP,3.9,1.54
HIPS,4.49,993.0,MIX,-,1,RG,3.7,2.0
HIPS,4.49,985.0,BK,-,1,RP,3.7,2.0
-,4.49,985.0,BK,X,1,RP,3.7,2.0
PP,34.0,1071.0,BK,HM,1,RP,2.2,1.1
PP,36.17,1094.0,BK,HM,1,RP,1.9,1.0
PP,35.0,1099.6,BK,HM,1,RP,1.9,1.14
PP,38.0,1074.0,BK,HM,1,RP,2.0,1.15
PP,37.0,1131.4,BK,HM,1,RP,1.6,1.02
PP,45.0,929.0,BK,HM,1,RP,1.7,1.2
PP,46.78,922.0,BK,HM,1,RP,1.7,1.0
PP,51.0,913.0,BK,HM,1,RP,2.0,1.3
PP,40.0,930.86,BK,HM,1,RP,1.8,1.4
PP,48.0,927.88,BK,HM,1,RP,1.7,1.3
-,46.78,917.0,BK,HM,1,RP,1.7,1.0
HIPS,4.6,1088.54,BK,INJ,1,RP,3.0,1.6
HIPS,3.3,915.0,BK,X,1,RP,9.6,1.29
HIPS,4.1,934.0,BK,X,1,RP,8.9,1.0
HIPS,4.4,952.0,BK,X,1,RP,8.2,1.2
HIPS,6.8,1020.0,BK,X,S,RP,3.8,1.5
HIPS,6.91,980.0,BK,X,S,RP,3.4,2.0
HIPS,7.0,939.0,BK,X,S,RP,3.1,1.7
PP,44.0,784.18,BK,INJ,1,RP,3.2,1.51
PP,40.0,1043.0,BK,INJ,1,RP,2.4,1.0
PP,18.0,3267.27,BK,INJ,1,RP,1.5,1.0
PP,22.25,2512.0,BK,INJ,1,RP,1.6,7.0
PP,22.0,2935.0,BK,INJ,1,RP,2.3,8.54
PP,25.0,2902.6,BK,INJ,1,RP,1.8,8.15
PP,24.0,2956.45,BK,INJ,1,RP,2.8,7.5
PP,25.0,2851.55,BK,INJ,1,RP,1.7,8.43
PP,25.0,776.0,BK,INJ,1,RP,1.4,7.51
PP,30.0,881.58,BK,INJ,1,RP,2.9,1.49
PP,30.0,882.0,BK,INJ,1,RP,2.9,1.0
PP,24.33,949.0,BK,INJ,1,RP,1.4,1.0
PP,25.0,895.58,BK,INJ,1,RP,1.5,1.38
PP,25.0,935.82,BK,INJ,1,RP,1.4,1.3
HIPS,5.0,1010.0,BK,INJ,1,RP,3.9,1.45
PP,25.0,920.0,BK,INJ,1,RP,1.2,1.57
PP,24.14,973.0,BK,INJ,1,RP,1.3,1.0
PP,23.0,1045.0,BK,INJ,1,RP,1.2,1.14
PP,25.0,924.76,BK,INJ,1,RP,1.3,1.29
PP,25.0,1000.68,BK,INJ,1,RP,1.3,1.4
PP,25.0,826.04,MIX,INJ,E,RG,2.0,1.2
PP,34.0,833.6,BK,INJ,1,RP,4.7,1.69
PP,34.0,835.2,BK,INJ,1,RP,5.2,1.75
PP,45.0,973.0,BK,HM,1,RP,1.8,1.0
PP,41.23,981.0,BK,HM,1,RP,1.8,1.0
PP,48.0,983.0,BK,HM,1,RP,1.7,1.0
PP,41.0,1022.0,BK,HM,1,RP,1.7,1.1
PP,36.0,762.0,BK,INJ,1,RP,3.3,1.69
PP,23.0,2836.3,BK,INJ,1,RP,1.5,7.5
-,22.25,1752.0,BK,INJ,1,RP,1.6,7.0
PP,48.0,1136.78,BK,HM,1,RP,1.2,0.6
PP,45.5,1192.0,BK,HM,1,RP,1.5,1.0
PP,53.0,1219.2,BK,HM,1,RP,0.82,0.6
PP,43.0,1129.4,BK,HM,1,RP,1.8,0.6
PPH,41.0,1096.8,BK,HM,1,RP,2.3,0.6
PPH,45.3,1096.0,BK,HM,1,RP,2.6,1.0
PPH,58.0,1122.4,BK,HM,1,RP,2.0,0.6
PP,32.0,990.94,BK,INJ,1,RP,1.2,1.4
HIPS,8.5,910.0,BK,X,1,RP,3.5,2.0
HIPS,7.0,900.64,BK,X,1,RP,3.6,1.98
HIPS,7.0,890.22,BK,X,1,RP,3.4,1.6
PPH,25.0,1166.2,BK,INJ,1,RP,0.7,0.6
PPH,30.0,1308.0,BK,INJ,1,RP,1.5,1.0
PPH,27.0,1297.0,BK,INJ,1,RP,1.4,0.6
PPH,28.0,1357.6,BK,INJ,1,RP,1.3,0.6
PP,48.0,992.44,BK,INJ,1,RP,3.1,0.54
PP,48.0,992.0,BK,INJ,1,RP,3.1,1.0
PP,35.0,1165.2,BK,INJ,1,RP,2.3,1.0
PP,35.0,888.38,BK,INJ,1,RP,3.1,1.1
PP,35.0,888.0,BK,INJ,1,RP,3.1,1.0
HIPS,7.8,997.0,BK,X,S,RP,2.9,1.6
HIPS,6.9,976.0,BK,X,S,RP,2.3,2.0
HIPS,7.4,955.0,BK,X,S,RP,2.1,1.7
HIPS,8.4,874.36,BK,X,S,RP,6.1,2.15
HIPS,7.88,896.0,BK,X,S,RP,5.0,2.0
HIPS,8.3,900.78,BK,X,S,RP,5.9,1.84
HIPS,7.8,906.16,BK,X,S,RP,6.0,1.9
HIPS,7.6,903.0,BK,X,S,RP,5.6,2.04
-,7.88,888.0,BK,X,S,RP,5.0,2.0
PS,5.2,1375.0,MIX,X,V,RP,0.1,1.0
PS,5.2,1375.0,MIX,X,V,RP,0.1,1.02
PS,5.2,1375.0,MIX,X,2,RP,0.1,1.0
PP,36.0,1134.4,BK,HM,1,RP,2.9,1.2
PP,40.6,1149.0,BK,HM,1,RP,2.7,1.0
PP,42.0,1184.6,BK,HM,1,RP,3.0,1.3
PP,50.0,1128.8,BK,HM,1,RP,1.8,1.2
HIPS,3.0,1032.56,BK,X,1,RP,4.9,1.6
HIPS,5.82,1071.0,BK,X,1,RP,4.5,1.0
HIPS,3.0,1061.4,BK,X,1,RP,4.3,1.3
-,5.82,1074.0,BK,X,1,RP,4.5,1.0
PP,30.0,1079.2,BK,HM,1,RP,2.0,1.2
PP,28.0,1093.8,BK,HM,1,RP,1.6,0.9
PP,39.8,1042.0,BK,HM,1,RP,1.3,1.0
PP,26.0,1052.6,BK,HM,1,RP,1.2,0.94
PP,53.0,994.0,BK,HM,1,RP,1.0,0.98
PP,47.0,991.0,BK,HM,1,RP,0.75,0.9
PP,35.0,1087.2,BK,HM,1,RP,1.7,1.2
PP,37.0,865.2,BK,INJ,1,RP,8.0,2.02
PP,18.0,858.0,BK,INJ,1,RP,6.8,2.4
PP,16.0,920.0,BK,INJ,1,RP,6.8,3.0
PP,23.14,839.0,BK,INJ,1,RP,7.4,3.0
PP,20.0,736.14,BK,INJ,1,RP,7.3,4.0
PP,30.0,728.14,BK,INJ,1,RP,6.0,3.9
PP,27.0,738.9,BK,INJ,1,RP,10.0,2.6
PP,24.0,883.84,BK,INJ,1,RP,7.6,2.8
PP,24.0,829.0,BK,INJ,1,RP,6.6,3.4
PP,24.0,918.2,BK,INJ,1,RP,6.7,3.6
-,23.14,812.0,BK,INJ,1,RP,7.4,3.0
PP,31.0,881.04,BK,INJ,1,RP,2.6,1.3
PP,35.0,833.92,BK,INJ,1,RP,3.0,1.1
PP,19.83,954.0,BK,INJ,1,RP,1.4,1.0
PP,19.0,968.0,BK,INJ,1,RP,0.8,1.3
PP,20.0,960.8,BK,INJ,1,RP,1.6,1.4
PP,21.0,959.0,BK,INJ,1,RP,1.4,1.4
PP,30.0,841.48,BK,INJ,1,RP,2.0,1.31
HIPS,6.3,1026.8,BK,X,S,RP,2.5,2.0
HIPS,6.3,1023.0,BK,X,S,RP,2.2,2.0
HIPS,6.2,1018.38,BK,X,S,RP,1.9,2.1
PP,34.0,1033.0,BK,INJ,1,RP,4.6,0.8
PP,34.0,1033.0,BK,INJ,1,RP,4.6,1.0
PP,35.0,902.0,BK,INJ,1,RP,1.6,1.0
PP,37.44,1167.0,BK,HM,1,RP,1.5,1.0
PP,40.0,1213.4,BK,HM,1,RP,1.4,1.1
PPH,28.0,1221.0,BK,HM,1,RP,2.2,0.56
PPH,40.0,1164.4,BK,HM,1,RP,1.1,0.6
PPH,45.71,1142.0,BK,HM,1,RP,1.9,1.0
PPH,42.0,1052.38,BK,HM,1,RP,1.8,0.6
PPH,40.0,1193.48,BK,HM,1,RP,2.4,0.6
PPH,53.0,1158.4,BK,HM,1,RP,1.6,0.48
PP,13.0,1098.8,BK,INJ,1,RP,10.0,0.73
PP,16.0,1072.22,BK,INJ,1,RP,9.2,0.75
PP,19.0,1087.8,BK,INJ,1,RP,9.8,0.71
PP,18.88,1057.0,BK,INJ,1,RP,9.9,1.0
PP,21.0,1081.8,BK,INJ,1,RP,10.0,0.7
PP,21.0,1038.86,BK,INJ,1,RP,10.0,0.8
PP,20.0,1039.34,BK,INJ,1,RP,10.0,0.9
PP,18.0,977.1,BK,INJ,1,RP,9.7,0.79
PP,30.0,922.38,BK,INJ,1,RP,2.6,1.2
PP,41.0,992.36,BK,INJ,1,RP,1.8,0.87
PP,40.0,927.74,BK,INJ,1,RP,4.5,1.09
PPH,35.0,790.14,BK,HM,1,RP,2.0,0.8
PPH,37.6,966.0,BK,HM,1,RP,2.0,1.0
PPH,38.0,929.8,BK,HM,1,RP,2.2,0.7
PPH,38.0,1097.48,BK,HM,1,RP,2.3,0.6
PPH,36.0,990.68,BK,HM,1,RP,1.7,0.72
PPH,41.0,1020.28,BK,HM,1,RP,2.0,0.6
HIPS,3.6,890.46,BK,X,1,RP,1.5,1.6
HIPS,4.33,872.0,BK,X,1,RP,2.5,2.0
PPH,42.0,1050.34,BK,HM,1,RP,2.0,0.7
PPH,41.5,990.0,BK,HM,1,RP,2.3,1.0
PPH,40.0,1038.42,BK,HM,1,RP,2.3,0.6
PPH,56.0,875.74,BK,HM,1,RP,2.5,0.4
HIPS,4.4,910.56,BK,X,1,RP,5.0,1.5
HIPS,4.44,903.0,BK,X,1,RP,5.2,2.0
HIPS,4.7,894.24,BK,X,1,RP,5.2,1.6
HIPS,4.5,913.42,BK,X,1,RP,5.1,1.5
HIPS,4.6,893.68,BK,X,1,RP,5.1,1.5
HIPS,4.0,903.02,BK,X,1,RP,5.4,1.49
PP,24.0,684.0,BK,INJ,1,RP,2.8,4.8
PP,20.14,938.0,BK,INJ,1,RP,1.8,2.0
PP,25.0,911.52,BK,INJ,1,RP,2.3,2.0
PP,25.0,1017.2,BK,INJ,1,RP,2.2,0.93
PP,29.0,747.0,BK,INJ,1,RP,1.8,2.0
PP,30.0,544.93,BK,INJ,1,RP,1.8,1.6
PP,30.0,710.56,BK,INJ,1,RP,1.7,1.5
PP,29.0,720.5,BK,INJ,1,RP,1.6,2.0
PP,27.25,847.0,BK,INJ,1,RP,4.2,2.0
PP,38.0,886.84,BK,INJ,1,RP,3.1,1.3
PP,40.38,833.0,BK,INJ,1,RP,2.5,1.0
PP,36.0,812.96,BK,INJ,1,RP,2.9,1.07
PP,45.0,749.36,BK,INJ,1,RP,2.7,1.2
PP,40.0,845.96,BK,INJ,1,RP,2.2,1.2
PP,40.0,762.72,BK,INJ,1,RP,2.3,1.3
PP,36.0,830.22,BK,INJ,1,RP,2.6,1.3
PP,45.0,943.0,BK,INJ,1,RP,2.3,1.0
PP,26.0,978.37,BK,INJ,1,RP,2.1,1.16
PP,32.0,980.0,BK,INJ,1,RP,1.5,1.0
PP,38.0,1126.0,BK,INJ,1,RP,1.1,0.5
PP,34.0,704.12,BK,INJ,1,RP,1.6,0.6
-,32.67,1052.0,BK,INJ,1,RP,1.6,1.0
PP,35.0,980.58,BK,INJ,1,RP,2.5,1.1
PP,28.0,989.0,BK,HM,1,RP,0.8,1.0
PP,35.69,998.0,BK,HM,1,RP,1.2,1.0
PP,22.0,984.0,BK,HM,1,RP,0.8,1.0
PP,32.0,985.0,BK,HM,1,RP,1.6,1.0
PP,38.0,993.28,BK,HM,1,RP,1.0,1.11
PP,36.0,990.34,BK,HM,1,RP,1.0,1.15
PP,40.0,1006.0,BK,HM,1,RP,1.3,1.2
PP,38.0,1026.8,BK,HM,1,RP,1.0,1.2
PP,43.0,981.0,BK,HM,1,RP,0.8,1.0
PP,39.0,994.0,BK,HM,1,RP,2.4,0.8
PP,21.0,780.9,BK,INJ,1,RP,1.8,1.5
PP,26.0,887.68,BK,INJ,1,RP,1.5,1.2
PP,25.3,908.0,BK,INJ,1,RP,1.8,1.0
PP,30.67,1300.0,BK,INJ,1,RP,1.0,1.0
PP,35.0,1411.8,BK,INJ,1,RP,1.0,0.6
PP,32.0,905.44,BK,INJ,1,RP,1.6,1.0
PPH,31.0,1284.2,BK,HM,1,RP,2.1,0.52
PPH,38.0,1361.0,BK,HM,1,RP,2.5,0.46
PPH,37.0,1286.6,BK,HM,1,RP,2.4,0.5
PPH,46.0,1286.6,BK,HM,1,RP,0.8,0.41
HIPS,4.0,925.38,BK,X,1,RP,5.0,1.6
HIPS,4.2,933.0,BK,X,1,RP,5.7,1.0
HIPS,4.6,917.92,BK,X,1,RP,5.1,1.5
HIPS,4.2,890.24,BK,X,1,RP,5.0,1.3
HIPS,4.3,936.14,BK,X,1,RP,5.8,1.47
HIPS,4.4,948.14,BK,X,1,RP,3.0,1.4
HIPS,3.7,979.64,BK,X,1,RP,10.0,1.2
PPH,44.0,1185.0,BK,HM,1,RP,2.9,0.41
PPH,48.0,1159.0,BK,HM,1,RP,2.6,0.51
PPH,40.0,1194.4,BK,HM,1,RP,2.6,0.6
PPH,62.0,1167.0,BK,HM,1,RP,2.4,0.8
PPH,51.0,1171.0,BK,HM,1,RP,1.6,0.47
PPH,45.0,1206.4,BK,HM,1,RP,1.6,0.49
HIPS,8.2,922.0,BK,HM,S,RP,4.6,1.6
HIPS,7.89,980.0,BK,HM,S,RP,3.2,1.0
HIPS,8.4,935.0,BK,HM,S,RP,3.1,1.68
HIPS,8.6,927.0,BK,HM,S,RP,3.3,1.6
HIPS,7.4,976.24,BK,HM,S,RP,3.2,1.5
HIPS,7.6,958.16,BK,HM,S,RP,3.7,1.6
HIPS,7.7,1042.0,BK,HM,S,RP,2.2,1.37
HIPS,7.5,1016.0,BK,HM,S,RP,2.1,1.42
HIPS,7.0,1004.14,BK,HM,S,RP,2.4,1.43
HIPS,7.2,1027.44,BK,HM,S,RP,2.2,0.9
-,8.02,936.0,BK,HM,S,RP,3.4,2.0
HIPS,4.6,936.86,BK,INJ,1,RP,4.6,1.4
HIPS,5.5,943.42,BK,X,1,RP,2.6,1.94
HIPS,5.58,978.0,BK,X,1,RP,3.1,2.0
HIPS,5.5,966.98,BK,X,1,RP,2.9,1.9
HIPS,5.5,981.0,BK,X,1,RP,4.2,1.86
HIPS,5.5,987.0,BK,X,1,RP,3.0,1.95
HIPS,5.0,960.0,BK,X,1,RP,2.4,2.01
HIPS,5.5,1015.0,BK,X,1,RP,3.0,1.71
HIPS,5.9,1032.0,BK,X,1,RP,2.4,1.63
HIPS,5.5,1008.0,BK,X,1,RP,2.9,1.7
PP,35.0,1109.2,BK,INJ,1,RP,1.9,1.0
PPH,42.0,1016.48,BK,HM,1,RP,2.4,0.48
PPH,41.25,1013.0,BK,HM,1,RP,2.4,1.0
PPH,37.0,961.08,BK,HM,1,RP,2.1,0.94
PPH,37.25,1129.0,BK,HM,1,RP,2.0,1.0
PPH,34.0,1048.28,BK,HM,1,RP,2.0,0.79
PPH,41.0,1119.0,BK,HM,1,RP,1.8,0.62
PP,31.0,972.93,BK,INJ,1,RP,2.0,1.03
PS,5.3,1237.6,MIX,X,1,RP,0.4,0.98
PS,4.47,1272.0,MIX,X,1,RP,0.8,1.0
PS,4.0,1399.4,MIX,X,1,RP,1.0,0.6
PP,35.0,1109.0,BK,INJ,1,RP,1.9,1.0
PP,24.0,872.0,BK,HM,1,RP,1.5,1.56
PP,34.0,873.0,BK,HM,1,RP,2.1,2.1
PP,46.0,879.72,BK,HM,1,RP,1.2,2.3
PP,49.0,905.0,BK,HM,1,RP,1.1,1.35
PP,39.64,908.0,BK,HM,1,RP,1.0,2.0
PP,46.0,908.0,BK,HM,1,RP,0.6,1.44
PP,40.0,891.0,BK,HM,1,RP,1.2,1.65
PP,38.0,888.56,BK,HM,1,RP,1.1,1.7
PP,36.0,901.56,BK,HM,1,RP,1.0,1.47
PP,37.0,949.2,BK,HM,1,RP,1.1,1.46
PP,45.0,965.03,BK,HM,1,RP,0.6,1.43
PP,41.0,880.8,BK,HM,1,RP,0.4,1.44
PP,40.0,934.58,BK,HM,1,RP,0.5,1.57
PP,38.0,979.44,BK,HM,1,RP,0.8,1.19
PP,34.0,984.2,BK,INJ,1,RP,1.7,1.16
HIPS,5.2,987.1,BK,X,1,RP,3.4,1.35
HIPS,5.6,1001.76,BK,X,1,RP,2.9,1.64
-,5.58,955.0,BK,X,1,RP,3.2,2.0
PPH,34.0,1200.0,BK,HM,1,RP,2.2,0.5
PPH,35.0,1240.0,BK,HM,1,RP,2.4,0.48
PPH,38.0,1180.0,BK,HM,1,RP,2.1,0.5
PPH,35.0,1203.75,BK,HM,1,RP,2.9,0.48
PPH,38.0,1193.0,BK,HM,1,RP,2.6,0.51
PPH,36.0,1170.0,BK,HM,1,RP,2.0,0.5
PPH,41.0,1147.75,BK,HM,1,RP,1.4,0.47
PP,19.13,973.0,BK,INJ,1,RP,1.6,3.0
PP,21.0,945.0,BK,INJ,1,RP,1.9,2.42
PP,24.0,959.0,BK,INJ,1,RP,1.4,1.63
HIPS,6.7,971.0,BK,INJ,1,RP,4.8,1.63
PP,35.0,806.96,BK,INJ,1,RP,1.9,1.55
PP,35.0,753.24,BK,INJ,1,RP,4.4,1.65
PP,26.55,952.0,BK,INJ,1,RP,1.7,1.0
PP,28.0,940.0,BK,INJ,1,RP,1.7,1.41
PP,20.67,935.0,BK,INJ,1,RP,9.6,4.0
PP,20.0,871.45,BK,INJ,1,RP,11.0,4.9
PP,19.0,810.34,BK,INJ,1,RP,10.4,6.26
PP,20.0,937.0,BK,INJ,1,RP,5.3,1.48
PP,28.0,961.0,BK,INJ,1,RP,5.4,2.0
PP,19.0,925.0,BK,INJ,1,RP,5.8,1.23
PP,15.0,1034.33,BK,INJ,1,RP,5.2,1.21
PP,27.0,957.05,BK,INJ,1,RP,5.2,1.77
PP,34.0,972.12,BK,INJ,1,RP,6.0,1.7
PP,35.0,937.26,BK,INJ,1,RP,5.8,1.7
-,28.0,966.0,BK,INJ,1,RP,5.4,2.0
PP,32.0,1063.0,BK,HM,1,RP,2.0,0.85
PP,43.0,1178.0,BK,HM,1,RP,1.3,0.56
PP,36.0,910.0,BK,HM,1,RP,0.6,0.86
PP,35.0,1190.2,BK,HM,1,RP,1.1,0.54
PP,37.0,1073.0,BK,HM,1,RP,1.2,0.53
PP,42.0,1188.38,BK,HM,1,RP,1.2,0.58
PP,38.0,1253.0,BK,HM,1,RP,1.9,0.56
PP,39.0,949.02,BK,INJ,1,RP,1.8,1.19
PP,35.0,1035.8,BK,INJ,1,RP,2.4,1.0
PP,24.0,1097.0,BK,HM,1,RP,4.5,0.52
PP,25.0,1268.8,BK,HM,1,RP,3.8,0.55
PP,26.0,1079.33,BK,HM,1,RP,4.0,0.5
PP,39.0,1155.2,BK,HM,1,RP,0.7,0.46
PP,35.0,1121.5,BK,HM,1,RP,1.6,0.5
PP,34.0,1016.8,BK,HM,1,RP,0.8,0.5
PP,45.0,1088.8,BK,HM,1,RP,1.6,0.5
PP,38.0,1122.8,BK,HM,1,RP,1.6,0.54
PP,38.0,998.9,BK,INJ,1,RP,1.6,1.1
PP,50.0,1208.0,BK,HM,1,RP,2.0,0.46
PP,48.0,1203.85,BK,HM,1,RP,2.7,0.45
PP,45.0,1106.8,BK,HM,1,RP,2.6,0.5
PP,35.0,1044.6,BK,INJ,1,RP,2.4,0.78
HIPS,7.0,1023.34,BK,X,S,RP,2.4,1.4
HIPS,6.65,1013.0,BK,X,S,RP,4.1,1.0
HIPS,6.6,998.9,BK,X,S,RP,4.6,1.57
HIPS,6.7,1017.64,BK,X,S,RP,4.0,1.61
HIPS,6.4,1016.88,BK,X,S,RP,5.1,1.54
HIPS,6.8,1035.4,BK,X,S,RP,4.3,1.38
HIPS,6.6,992.1,BK,X,S,RP,3.9,1.5
HIPS,6.5,1002.94,BK,X,S,RP,3.8,1.2
HIPS,6.1,1019.6,BK,X,S,RP,4.7,1.43
PP,37.0,1117.2,BK,INJ,1,RP,3.8,0.58
PP,36.0,1112.25,BK,INJ,1,RP,3.0,0.55
PP,45.0,1250.0,BK,HM,1,RP,3.2,0.5
PP,42.0,1198.0,BK,HM,1,RP,1.8,0.6
PP,33.0,1221.0,BK,HM,1,RP,6.1,0.49
PP,19.75,903.0,BK,INJ,1,RP,6.0,2.0
PP,22.0,903.0,BK,INJ,1,RP,6.0,1.8
HIPS,5.0,1060.8,BK,X,1,RP,9.0,1.5
HIPS,4.67,1070.0,BK,X,1,RP,9.4,2.0
HIPS,4.0,1088.2,BK,X,1,RP,9.8,1.48
HIPS,4.2,1062.2,BK,X,1,RP,9.5,1.69
HIPS,5.59,1005.0,BK,X,1,RP,4.4,2.0
HIPS,5.6,1002.78,BK,X,1,RP,4.8,1.7
HIPS,5.0,1026.94,BK,X,1,RP,4.2,1.7
PPH,37.0,1330.0,BK,HM,1,RP,0.3,0.43
PPH,40.0,1314.17,BK,HM,1,RP,1.7,0.6
PPH,40.0,1061.0,BK,HM,1,RP,2.7,0.54
PPH,39.4,1094.0,BK,HM,1,RP,2.1,1.0
PPH,35.0,1031.0,BK,HM,1,RP,1.7,0.67
PPH,41.0,1189.5,BK,HM,1,RP,2.4,0.6
HIPS,10.4,901.0,BK,X,1,RP,3.6,1.49
HIPS,9.88,894.0,BK,X,1,RP,4.3,2.0
HIPS,9.5,887.0,BK,X,1,RP,6.3,1.51
HIPS,8.0,892.96,BK,X,1,RP,3.0,1.57
PP,20.0,1092.4,MIX,INJ,E,RG,1.3,0.76
PP,29.33,1074.0,MIX,INJ,E,RG,1.4,1.0
PP,33.0,1060.08,MIX,INJ,E,RG,1.5,0.8
PP,35.0,1070.2,MIX,INJ,E,RG,1.5,0.83
PPH,30.0,1038.8,BK,HM,1,RP,5.0,0.6
PPH,35.0,1090.4,BK,HM,1,RP,5.0,0.54
PPH,32.75,1065.0,BK,HM,1,RP,5.0,1.0
PPH,33.0,1198.25,BK,HM,1,RP,2.5,0.43
PPH,38.0,1089.6,BK,HM,1,RP,2.6,0.42
PPH,40.0,1240.6,BK,HM,1,RP,2.8,0.47
PPH,38.0,1281.75,BK,HM,1,RP,2.6,0.49
PPH,29.0,1172.75,BK,HM,1,RP,2.4,0.51
PPH,38.0,1185.8,BK,HM,1,RP,0.9,0.52
PPH,41.0,1173.0,BK,HM,1,RP,2.2,0.52
PPH,41.0,1218.25,BK,HM,1,RP,2.2,0.54
PPH,46.0,1218.0,BK,HM,1,RP,2.1,0.47
PPH,40.0,1210.6,BK,HM,1,RP,2.1,0.6
PPH,40.0,1195.0,BK,HM,1,RP,2.2,0.55
PPH,40.0,1115.8,BK,HM,1,RP,2.0,0.6
PPH,38.0,1122.2,MIX,HM,1,RG,0.54,0.54
PPH,16.0,975.88,MIX,HM,1,RG,0.83,0.83
HIPS,5.0,1027.6,BK,INJ,1,RP,6.0,1.58
PP,35.0,1193.25,BK,INJ,1,RP,4.0,0.57
PPH,32.0,1095.8,BK,HM,1,RP,3.2,0.85
PPH,35.83,1112.0,BK,HM,1,RP,3.2,1.0
-,15.0,1213.2,MIX,X,1,RP,3.1,0.71
PPH,40.0,1162.94,BK,HM,1,RP,2.1,0.52
PPH,50.0,1203.8,BK,HM,1,RP,3.2,0.5
PP,24.0,1049.4,BK,HM,1,RP,2.1,1.13
PP,41.74,1005.0,BK,HM,1,RP,2.1,1.0
PP,24.0,1062.8,BK,HM,1,RP,1.6,1.18
PP,40.0,957.3,BK,HM,1,RP,2.1,1.21
PP,42.0,956.08,BK,HM,1,RP,2.3,1.24
PP,59.0,982.02,BK,HM,1,RP,1.5,1.14
PP,45.0,935.98,BK,HM,1,RP,1.8,1.22
PP,36.0,970.55,BK,INJ,1,RP,1.7,1.06
PP,32.0,676.0,BK,INJ,1,RP,5.8,4.36
PPH,40.0,1208.75,BK,HM,1,RP,2.2,0.45
PPH,38.4,1148.0,BK,HM,1,RP,2.2,1.0
PPH,41.0,1145.4,BK,HM,1,RP,2.4,0.79
PPH,40.0,1127.2,BK,HM,1,RP,2.3,0.82
PPH,40.0,1111.8,BK,HM,1,RP,2.3,0.7
PP/PE,13.0,962.86,BK,INJ,2,RP,2.7,0.94
PP,26.5,982.0,BK,INJ,1,RP,2.0,1.0
PP,24.0,1006.08,BK,INJ,1,RP,2.6,1.11
PP,27.0,942.43,BK,INJ,1,RP,1.8,1.4
PP,26.0,960.52,BK,INJ,1,RP,1.9,1.4
PP,26.0,1017.33,BK,INJ,1,RP,2.0,1.26
-,26.6,1006.0,BK,INJ,1,RP,2.0,1.0
PP,19.0,778.54,BK,INJ,S,RP,2.5,12.52
PP,20.0,778.0,BK,INJ,S,RP,1.8,12.0
PP,21.0,786.92,BK,INJ,S,RP,1.5,12.53
PP,20.0,769.44,BK,INJ,S,RP,1.5,12.44
PPH,38.0,1290.4,BK,HM,1,RP,3.0,0.5
PP,40.0,1056.8,BK,INJ,1,RP,2.7,1.1
HIPS,3.7,1011.2,BK,X,1,RP,3.2,1.6
HIPS,7.56,938.0,BK,X,1,RP,6.3,2.0
HIPS,4.3,897.22,BK,X,1,RP,6.0,1.3
HIPS,8.0,924.24,BK,X,1,RP,7.1,1.6
HIPS,7.8,922.36,BK,X,1,RP,7.0,1.5
HIPS,8.6,1139.8,BK,X,1,RP,4.8,1.2
HIPS,8.13,1106.0,BK,X,1,RP,4.3,1.0
HIPS,8.0,1084.0,BK,X,1,RP,4.9,1.4
PP,30.0,814.36,BK,INJ,1,RP,2.8,1.45
PPH,44.0,1089.8,BK,HM,1,RP,2.5,0.5
PPH,48.0,1182.4,BK,HM,1,RP,2.7,0.5
PPH,40.0,1211.4,BK,HM,1,RP,2.4,0.6
PPH,38.0,1267.67,BK,HM,1,RP,2.1,0.4
HIPS,5.9,914.38,BK,INJ,1,RP,7.4,1.4
PP,34.43,894.0,BK,HM,1,RP,1.9,2.0
PP,36.0,884.58,BK,HM,1,RP,1.9,1.6
PP,37.0,877.92,BK,HM,1,RP,1.8,1.7
PP,36.0,906.9,BK,HM,1,RP,1.9,1.84
PP,35.0,884.37,BK,HM,1,RP,1.2,2.12
-,34.43,899.0,BK,HM,1,RP,1.9,2.0
PP,0.6,1019.6,BK,EXT,1,RP,1.3,16.85
PP,0.8,993.8,BK,EXT,1,RP,1.3,15.0
PP,0.67,1007.0,MIX,EXT,1,RP,1.3,16.0
PPH,4.0,1293.33,MIX,EXT,1,RP,0.5,0.6
PPH,3.8,1251.75,MIX,EXT,1,RP,0.4,0.5
PP,37.0,1005.5,BK,INJ,1,RP,4.6,1.13
PP,39.0,1110.0,BK,INJ,1,RP,2.5,0.87
PP,34.0,1003.62,BK,INJ,1,RP,1.4,1.03
PP,44.0,955.32,BK,HM,1,RP,1.0,1.0
PP,36.33,945.0,BK,HM,1,RP,0.7,1.0
PP,43.0,963.82,BK,HM,1,RP,0.7,1.02
PP,35.0,941.82,BK,HM,1,RP,0.4,1.1
PP,35.0,960.82,BK,HM,1,RP,0.5,1.1
PP,30.0,916.5,BK,INJ,1,RP,2.2,1.74
PPH,21.0,1021.6,BK,HM,1,RP,3.9,1.1
PPH,26.68,1013.0,BK,HM,1,RP,3.9,1.0
PPH,25.0,1067.58,BK,HM,1,RP,3.4,0.9
PPH,35.0,1217.2,BK,HM,1,RP,2.6,0.6
PPH,37.0,1230.0,BK,HM,1,RP,2.7,0.6
PPH,38.0,1168.6,BK,HM,1,RP,2.5,0.51
PP,37.95,920.0,BK,HM,1,RP,1.9,2.0
PP,37.0,912.82,BK,HM,1,RP,1.2,1.7
PP,38.0,914.96,BK,HM,1,RP,1.3,1.7
PP,38.0,913.4,BK,HM,1,RP,1.4,1.6
PP,39.0,914.4,BK,HM,1,RP,2.7,1.56
PP,39.0,908.26,BK,HM,1,RP,2.7,1.5
PP,39.0,905.32,BK,HM,1,RP,2.6,1.5
PP,40.0,919.42,BK,HM,1,RP,2.0,1.42
-,37.95,947.0,BK,HM,1,RP,1.9,2.0
PP,34.0,978.86,BK,INJ,1,RP,1.1,1.09
PP,37.0,916.22,BK,INJ,1,RP,1.6,1.07
PPH,45.0,1151.4,BK,HM,1,RP,2.2,0.6
PPH,37.2,1122.0,BK,HM,1,RP,2.2,1.0
PPH,39.0,1174.2,BK,HM,1,RP,2.2,0.6
PPH,40.0,1121.8,BK,HM,1,RP,2.3,0.6
PPH,26.0,1042.2,BK,HM,1,RP,2.2,0.8
HIPS,6.26,1082.0,BK,X,1,RP,3.3,1.0
HIPS,6.0,1031.88,BK,X,1,RP,3.3,1.5
HIPS,6.0,1112.2,BK,X,1,RP,3.3,1.6
PP,35.0,1041.0,BK,INJ,1,RP,2.1,1.1
PP,35.0,1041.0,BK,INJ,1,RP,2.1,1.0
HIPS,6.0,1152.8,BK,X,1,RP,3.8,1.3
HIPS,7.0,1145.0,BK,X,1,RP,3.5,1.0
HIPS,6.2,1171.0,BK,X,1,RP,3.7,1.4
HIPS,6.0,1110.0,BK,X,1,RP,3.7,1.29
HIPS,9.0,1147.4,BK,X,1,RP,3.1,1.07
PP,34.0,740.6,BK,INJ,1,RP,3.0,9.23
PP,37.0,917.64,BK,INJ,1,RP,1.5,1.13
PP,35.0,1020.0,BK,INJ,1,RP,2.1,1.0
PP,35.0,1020.4,BK,INJ,1,RP,2.1,1.03
HIPS,5.8,923.9,BK,X,1,RP,5.1,1.6
HIPS,5.33,931.0,BK,X,1,RP,4.4,2.0
HIPS,5.0,910.5,BK,X,1,RP,4.1,1.7
HIPS,5.8,923.42,BK,X,1,RP,4.1,1.94
HIPS,6.5,955.48,BK,X,S,RP,3.2,1.82
HIPS,6.95,948.0,BK,X,S,RP,3.0,2.0
HIPS,7.4,939.98,BK,X,S,RP,3.0,1.73
PP,39.0,941.2,BK,INJ,1,RP,2.4,1.12
PPH,25.0,1204.0,BK,HM,1,RP,3.3,0.6
PPH,30.0,1236.75,BK,HM,1,RP,3.8,0.6
PPH,27.0,1219.2,BK,HM,1,RP,2.9,0.43
HIPS,3.4,1002.48,BK,X,S,RP,2.0,1.54
HIPS,3.76,991.0,BK,X,S,RP,2.3,2.0
HIPS,3.8,980.22,BK,X,S,RP,2.6,1.51
PP,28.0,831.68,BK,INJ,1,RP,2.6,4.84
PP,29.67,854.0,BK,INJ,1,RP,2.4,3.0
PP,31.0,876.6,BK,INJ,1,RP,2.3,2.64
-,29.67,854.0,BK,INJ,1,RP,2.4,3.0
HIPS,4.2,917.96,BK,X,1,RP,5.1,1.62
HIPS,4.73,920.0,BK,X,1,RP,6.0,1.0
HIPS,5.0,922.46,BK,X,1,RP,6.5,1.27
PP,17.0,770.34,BK,INJ,1,RP,2.0,9.27
PP,19.0,728.0,BK,INJ,1,RP,2.1,7.89
PP,22.0,727.66,BK,INJ,1,RP,3.0,7.8
PP,25.0,710.38,BK,INJ,1,RP,3.1,7.7
PP,22.07,733.0,BK,INJ,1,RP,2.6,8.0
PP,25.0,729.84,BK,INJ,1,RP,3.0,7.6
PP,28.0,940.38,BK,INJ,1,RP,4.0,0.87
HIPS,8.0,900.03,BK,X,1,RP,5.8,1.7
HIPS,5.79,894.0,BK,X,1,RP,7.4,2.0
HIPS,8.0,881.24,BK,X,1,RP,5.6,1.6
HIPS,4.4,938.6,BK,X,1,RP,8.1,1.58
HIPS,3.8,991.22,BK,X,S,RP,2.7,1.5
HIPS,3.87,989.0,BK,X,S,RP,2.4,1.0
HIPS,3.4,987.44,BK,X,S,RP,2.0,1.4
PPH,34.0,1058.2,BK,HM,1,RP,0.9,0.92
PPH,35.0,1041.8,BK,HM,1,RP,1.0,0.89
PPH,36.86,1044.0,BK,HM,1,RP,1.2,1.0
PPH,37.0,1067.0,BK,HM,1,RP,0.9,0.89
PPH,38.0,1054.6,BK,HM,1,RP,1.0,0.7
PPH,38.0,1051.6,BK,HM,1,RP,1.0,0.7
PPH,40.0,1057.6,BK,HM,1,RP,1.1,0.7
-,36.62,1055.0,BK,HM,1,RP,1.2,1.0
HIPS,5.4,980.22,BK,INJ,1,RP,4.1,1.69
PPH,36.0,1213.75,BK,HM,1,RP,2.8,0.46
PPH,38.83,1155.0,BK,HM,1,RP,2.0,1.0
PPH,39.0,1019.25,BK,HM,1,RP,1.6,0.81
PPH,40.0,1220.0,BK,HM,1,RP,2.0,0.6
PPH,36.0,1276.0,BK,HM,1,RP,1.0,1.0
PPH,35.0,1237.5,BK,HM,1,RP,1.2,0.6
PPH,40.0,1313.75,BK,HM,1,RP,1.6,0.6
PP,33.0,1007.6,BK,INJ,1,RP,3.4,0.69
PPH,40.0,1254.8,BK,HM,1,RP,1.3,0.6
PPH,38.67,1181.0,BK,HM,1,RP,1.6,1.0
PPH,42.0,1201.8,BK,HM,1,RP,1.4,0.6
PPH,39.0,1085.4,BK,HM,1,RP,1.8,0.6
PP,46.0,921.18,BK,INJ,1,RP,1.5,1.21
HIPS,4.7,889.16,BK,INJ,1,RP,9.2,1.6
PP,18.0,854.48,BK,INJ,1,RP,3.1,1.88
PP,18.0,827.28,BK,INJ,1,RP,1.5,4.21
PP,22.55,836.0,BK,INJ,1,RP,1.9,3.0
PP,23.0,830.74,BK,INJ,1,RP,1.0,2.6
PP,25.0,825.08,BK,INJ,1,RP,2.0,2.6
PP,25.0,841.44,BK,INJ,1,RP,2.0,3.0
PPH,31.0,1081.0,BK,HM,1,RP,2.0,0.81
PPH,34.0,1077.0,BK,HM,1,RP,2.1,1.0
PPH,29.0,1093.4,BK,HM,1,RP,1.8,0.6
PPH,33.0,1055.8,BK,HM,1,RP,1.8,0.78
PP,35.0,917.18,BK,INJ,1,RP,2.3,1.2
PP,20.0,784.58,BK,INJ,1,RP,0.8,6.87
PP,25.0,811.02,BK,INJ,1,RP,1.0,8.26
PP,29.0,806.92,BK,INJ,1,RP,1.3,4.1
PP,25.61,811.0,BK,INJ,1,RP,1.1,6.0
PP,24.0,850.4,BK,INJ,1,RP,1.0,4.0
PP,23.0,803.62,BK,INJ,1,RP,0.9,8.82
PP,23.0,926.0,BK,INJ,1,RP,1.0,2.0
PP,38.0,1102.4,BK,INJ,1,RP,2.8,0.8
PP,38.0,1102.0,BK,INJ,1,RP,2.8,1.0
PPH,26.0,1157.0,BK,HM,1,RP,3.4,0.6
PPH,26.0,1158.0,BK,HM,1,RP,3.8,1.0
PPH,26.0,1158.0,BK,HM,1,RP,4.1,0.6
PP,24.0,921.62,BK,INJ,1,RP,1.0,1.8
PP,25.19,867.0,BK,INJ,1,RP,1.0,5.0
PP,22.0,1027.0,BK,INJ,1,RP,0.9,1.1
PP,30.0,1027.0,BK,INJ,1,RP,0.9,1.0
PP,38.0,1066.0,BK,HM,1,RP,1.3,1.0
PP,26.0,1066.0,BK,HM,1,RP,1.3,1.0
PP,34.75,1066.0,BK,HM,1,RP,1.3,1.0
PP,37.0,1059.33,BK,HM,1,RP,1.4,0.91
HIPS,4.0,1276.75,MIX,X,E,RG,1.5,1.5
PP,30.0,784.88,BK,INJ,1,RP,3.3,2.0
PP,36.0,1005.86,BK,INJ,1,RP,2.5,0.9
HIPS,3.2,1288.0,BK,X,1,RP,3.7,1.3
HIPS,3.79,1267.0,BK,X,1,RP,3.6,1.0
HIPS,3.4,1275.4,BK,X,1,RP,3.8,1.25
HIPS,4.1,1263.6,BK,X,1,RP,3.8,1.4
PP,36.0,1006.0,BK,INJ,1,RP,2.5,1.0
PP,19.2,912.0,BK,INJ,1,RP,2.5,2.0
PP,19.0,886.78,BK,INJ,1,RP,2.3,2.0
PS,4.3,1166.0,MIX,EXT,1,RP,0.6,1.2
PS,3.98,1208.0,MIX,EXT,1,RP,0.6,1.0
PS,4.0,1204.0,MIX,EXT,1,RP,0.5,1.2
PS,3.4,1253.0,MIX,EXT,1,RP,0.8,1.47
PP,25.5,954.0,BK,HM,1,RP,1.6,1.0
PP,36.0,926.22,BK,INJ,1,RP,2.8,0.97
PP,31.0,968.86,BK,HM,1,RP,1.5,0.96
PP,31.0,965.54,BK,HM,1,RP,1.7,0.98
PP,32.5,972.0,BK,HM,1,RP,1.4,1.0
PP,34.0,984.5,BK,HM,1,RP,1.6,1.2
PP,38.0,966.27,BK,HM,1,RP,1.8,1.1
PP,28.0,955.16,BK,HM,1,RP,0.8,1.1
PP,32.0,989.36,BK,HM,1,RP,1.0,1.0
HIPS,3.8,897.48,MIX,EXT,1,RP,3.3,2.3
HIPS,3.8,905.0,MIX,EXT,1,RP,3.2,2.0
HIPS,3.6,911.98,MIX,EXT,1,RP,3.1,2.2
HIPS,4.8,952.04,MIX,EXT,1,RP,4.6,1.35
HIPS,4.9,992.0,MIX,EXT,1,RP,3.9,1.0
HIPS,5.0,1032.0,MIX,EXT,1,RP,3.2,1.3
PP,30.0,988.55,BK,HM,1,RP,2.1,1.1
PP,37.5,1010.0,BK,HM,1,RP,1.6,1.0
PP,31.0,983.26,BK,HM,1,RP,2.1,1.2
PP,35.0,941.8,BK,HM,1,RP,2.1,1.1
PP,43.0,974.0,BK,HM,1,RP,1.6,1.24
PP,38.0,1018.2,BK,HM,1,RP,1.5,1.2
PP,39.0,1115.0,BK,HM,1,RP,1.4,1.3
PP,45.0,1051.0,BK,HM,1,RP,1.3,0.92
PP,21.0,928.54,BK,INJ,1,RP,0.9,9.2
PP,21.0,952.53,BK,INJ,1,RP,0.7,9.63
PP,20.8,944.0,BK,INJ,1,RP,0.8,9.0
PP,21.0,949.84,BK,INJ,1,RP,0.9,9.2
PPH,33.0,1199.6,BK,HM,1,RP,3.1,0.6
PPH,34.33,1203.0,BK,HM,1,RP,2.7,1.0
PPH,35.0,1195.2,BK,HM,1,RP,3.3,0.6
PPH,35.0,1192.5,BK,HM,1,RP,2.5,0.6
PPH,35.0,1223.4,BK,HM,1,RP,2.6,0.6
PP,28.0,851.0,BK,INJ,1,RP,11.0,1.8
PP,30.0,846.0,BK,INJ,1,RP,11.4,2.0
PP,32.0,840.76,BK,INJ,1,RP,11.8,1.53
PP,20.0,882.0,BK,INJ,1,RP,6.9,2.0
PP,18.0,885.78,BK,INJ,1,RP,6.8,2.32
PP,21.0,877.23,BK,INJ,1,RP,7.0,1.6
HIPS,4.4,887.8,BK,X,1,RP,5.8,1.66
HIPS,4.72,882.0,BK,X,1,RP,5.5,2.0
HIPS,4.8,875.48,BK,X,1,RP,6.7,1.61
PP,33.0,951.5,BK,INJ,1,RP,1.4,1.01
PP,23.0,1040.0,BK,INJ,1,RP,1.0,1.5
PP,24.33,1051.0,BK,INJ,1,RP,1.0,1.0
PP,26.0,1050.6,BK,INJ,1,RP,1.0,1.52
PP,24.0,1122.9,BK,INJ,1,RP,0.9,1.5
PP,31.0,1030.6,BK,INJ,1,RP,0.8,1.51
PP,25.0,1061.4,BK,INJ,1,RP,1.0,1.5
PP,22.0,1039.4,BK,INJ,1,RP,0.9,1.6
PP,27.0,1032.2,BK,INJ,1,RP,1.1,1.32
HIPS,5.8,939.46,BK,INJ,1,RP,6.2,1.58
PPH,40.0,1178.8,BK,HM,1,RP,2.5,0.51
PPH,40.0,1159.2,BK,HM,1,RP,3.0,0.6
PPH,49.0,1204.2,BK,HM,1,RP,1.3,0.48
HIPS,5.53,1098.0,BK,X,1,RP,2.4,2.0
HIPS,6.0,1087.2,BK,X,1,RP,2.2,1.6
HIPS,5.4,1102.2,BK,X,1,RP,2.4,1.6
HIPS,5.0,1004.32,BK,X,1,RP,2.0,1.6
PP,35.0,917.08,BK,INJ,1,RP,3.1,1.2
PP,38.0,900.74,BK,INJ,1,RP,5.0,1.6
PPH,34.0,1056.25,BK,HM,1,RP,1.6,0.6
PPH,36.75,1051.0,BK,HM,1,RP,1.9,1.0
PPH,38.0,1052.4,BK,HM,1,RP,1.9,0.6
PPH,37.0,1045.4,BK,HM,1,RP,2.0,0.77
PP,40.0,937.34,BK,HM,1,RP,2.1,1.2
PP,28.57,958.0,BK,HM,1,RP,1.9,1.0
PP,39.0,978.84,BK,HM,1,RP,2.0,1.08
PP,35.0,1063.6,BK,HM,1,RP,2.5,1.1
PP,35.0,1064.0,BK,HM,1,RP,2.5,1.0
PP,32.0,1133.4,BK,INJ,1,RP,1.6,0.77
PP,43.0,1111.2,BK,INJ,1,RP,1.5,0.6
PPH,34.0,1073.0,BK,HM,1,RP,1.8,0.6
PPH,38.17,1040.0,BK,HM,1,RP,1.7,1.0
PPH,36.0,1056.75,BK,HM,1,RP,1.9,0.6
PPH,40.0,989.66,BK,HM,1,RP,1.9,0.6
PP,35.0,1027.0,BK,INJ,1,RP,1.1,0.95
PP,34.0,955.4,BK,INJ,1,RP,2.5,1.1
PP,33.0,967.64,BK,INJ,1,RP,2.5,1.1
PP,31.0,1178.8,BK,HM,1,RP,1.8,0.8
PP,32.1,1113.0,BK,HM,1,RP,1.7,1.0
PP,37.0,1115.8,BK,HM,1,RP,1.3,0.73
PP,30.0,1099.0,BK,HM,1,RP,1.8,1.0
PP,33.0,1078.0,BK,HM,1,RP,1.5,0.9
PP,38.0,1100.4,BK,HM,1,RP,1.7,0.8
PP,39.33,1110.0,BK,HM,1,RP,2.4,1.0
PP,40.0,1120.2,BK,HM,1,RP,3.1,0.82
PPH,36.0,1091.2,BK,HM,1,RP,2.1,0.6
PPH,37.0,1066.0,BK,HM,1,RP,2.1,1.0
PPH,38.0,1025.0,BK,HM,1,RP,2.3,0.6
PPH,36.0,1082.8,BK,HM,1,RP,1.8,0.79
PPH,40.0,1188.6,BK,HM,1,RP,2.1,0.6
PPH,39.17,1223.0,BK,HM,1,RP,2.1,1.0
PPH,38.0,1229.0,BK,HM,1,RP,2.0,0.6
PPH,35.0,1228.6,BK,HM,1,RP,2.3,0.61
PPH,40.0,1244.8,BK,HM,1,RP,2.1,0.6
PP,35.0,1208.9,BK,INJ,1,RP,1.5,0.6
PP,28.0,1004.16,BK,HM,1,RP,3.7,1.16
PP,28.0,1030.8,BK,HM,1,RP,3.0,1.1
PP,29.83,1034.0,BK,HM,1,RP,2.9,1.0
PP,30.0,1066.8,BK,HM,1,RP,3.0,1.1
PP,31.0,1051.2,BK,HM,1,RP,3.0,1.0
PP,30.0,1010.0,BK,HM,1,RP,2.0,1.13
PP,31.0,1018.0,BK,HM,1,RP,3.1,1.1
PP,31.0,1034.6,BK,HM,1,RP,3.1,1.1
PP,33.0,1019.6,BK,HM,1,RP,2.9,1.08
PP,30.0,1079.5,BK,HM,1,RP,2.6,1.1
PP,30.0,1089.2,BK,HM,1,RP,2.6,1.0
PP,27.0,925.4,BK,HM,1,RP,2.7,1.18
-,29.83,1023.0,BK,HM,1,RP,2.9,1.0
PP,39.0,1084.6,BK,INJ,1,RP,1.4,0.93
PP,39.0,1085.0,BK,INJ,1,RP,1.4,1.0
PP,34.0,1023.6,BK,INJ,1,RP,2.1,1.1
PP,32.0,1123.6,BK,INJ,1,RP,1.5,0.86
PPH,33.0,1285.8,BK,HM,1,RP,3.0,0.47
HIPS,6.0,1133.6,BK,X,2,RP,3.0,1.2
HIPS,5.57,1129.0,BK,X,2,RP,2.9,1.0
HIPS,5.7,1124.4,BK,X,2,RP,2.9,1.4
HIPS,4.78,989.0,BK,X,1,RP,4.0,1.0
HIPS,4.3,993.2,BK,X,1,RP,3.6,1.6
HIPS,4.8,981.6,BK,X,1,RP,4.2,1.39
HIPS,4.9,992.32,BK,X,1,RP,4.3,1.4
PP,30.0,953.0,BK,INJ,1,RP,4.3,1.0
PP,30.0,952.5,BK,INJ,1,RP,4.3,1.3
HIPS,4.6,803.1,BK,X,1,RP,12.3,1.2
HIPS,4.32,855.0,BK,X,1,RP,7.2,1.0
HIPS,4.2,872.18,BK,X,1,RP,7.1,1.25
HIPS,4.4,802.84,BK,X,1,RP,7.1,1.3
HIPS,4.5,972.54,BK,X,1,RP,7.0,1.6
HIPS,5.3,1002.6,BK,X,1,RP,3.3,1.47
HIPS,5.17,989.0,BK,X,1,RP,3.1,2.0
HIPS,5.0,976.14,BK,X,1,RP,3.7,1.6
HIPS,5.0,983.8,BK,X,1,RP,2.6,1.6
HIPS,5.0,994.68,BK,X,1,RP,3.4,1.6
-,5.17,989.0,BK,X,1,RP,3.1,2.0
PPH,50.0,1174.75,BK,HM,1,RP,1.4,0.46
MIPS,4.0,1151.4,MIX,X,1,RG,4.6,0.8
PP,32.5,1016.0,BK,INJ,1,RP,3.0,1.0
PP,44.0,1140.2,BK,INJ,1,RP,1.8,0.64
HIPS,6.23,1009.0,BK,X,S,RP,5.1,2.0
HIPS,6.6,1004.34,BK,X,S,RP,5.2,1.5
PP,15.0,939.06,BK,INJ,1,RP,2.3,8.04
PP,16.0,929.0,BK,INJ,1,RP,1.3,9.0
PP,16.0,896.03,BK,INJ,1,RP,1.2,9.01
PP,13.0,962.02,BK,INJ,1,RP,0.8,8.91
PP,16.0,951.86,BK,INJ,1,RP,1.1,8.98
-,16.0,918.0,BK,INJ,1,RP,1.3,9.0
PPH,39.0,1156.75,BK,HM,1,RP,2.0,0.6
PPH,41.0,1167.33,BK,HM,1,RP,2.1,0.6
PPH,43.0,996.5,BK,HM,1,RP,1.8,0.44
PP,38.0,846.96,BK,INJ,1,RP,5.7,2.08
PPH,40.0,1258.2,BK,HM,1,RP,1.4,0.6
PPH,38.4,1221.0,BK,HM,1,RP,1.2,1.0
PPH,38.0,1181.4,BK,HM,1,RP,1.7,0.6
PPH,38.0,1224.0,BK,HM,1,RP,1.0,0.6
PPH,33.0,1265.8,BK,HM,1,RP,1.9,0.41
PPH,34.0,1226.2,BK,HM,1,RP,2.7,0.43
HIPS,4.6,872.26,BK,X,1,RP,6.4,1.73
HIPS,4.5,804.72,BK,X,1,RP,6.4,1.6
PP,35.0,1064.73,BK,INJ,1,RP,4.3,0.68
HIPS,7.0,869.72,BK,X,1,RP,5.0,1.9
HIPS,6.9,862.0,BK,X,1,RP,5.0,2.0
HIPS,6.8,855.26,BK,X,1,RP,4.9,1.9
PPH,23.0,1105.65,BK,HM,1,RP,3.8,0.7
PPH,44.0,975.36,BK,HM,1,RP,3.5,0.6
PPH,58.33,989.0,BK,HM,1,RP,2.8,1.0
PPH,43.0,1035.8,BK,HM,1,RP,2.5,0.6
PPH,73.0,974.88,BK,HM,2,RP,3.3,0.83
HIPS,5.4,1158.6,BK,X,S,RP,4.3,0.87
HIPS,5.36,1168.0,BK,X,S,RP,4.0,1.0
HIPS,5.6,1176.6,BK,X,S,RP,4.3,0.94
HIPS,8.4,985.82,BK,X,1,RP,6.8,1.5
HIPS,7.54,980.0,BK,X,1,RP,6.6,2.0
HIPS,7.8,984.38,BK,X,1,RP,6.7,1.7
HIPS,7.1,970.56,BK,X,1,RP,6.4,1.6
PP,38.0,1137.0,BK,INJ,1,RP,2.6,0.6
PS,40.0,1120.8,MIX,X,1,RP,11.0,0.6
PS,41.33,1121.0,MIX,X,1,RP,6.2,1.0
-,15.0,1213.0,MIX,X,1,RP,3.1,1.0
PP,29.0,873.88,BK,INJ,1,RP,11.7,2.42
HIPS,6.9,985.52,BK,X,S,RP,4.3,1.74
HIPS,7.15,983.0,BK,X,S,RP,3.6,2.0
HIPS,7.4,979.88,BK,X,S,RP,4.0,1.74
PP,6.0,761.44,BK,INJ,1,RP,7.8,8.88
PP,14.0,667.78,BK,INJ,1,RP,10.2,4.02
PP,16.63,668.0,BK,INJ,1,RP,10.3,4.0
PP,16.0,705.24,BK,INJ,1,RP,8.8,4.0
PP,15.0,717.0,BK,INJ,1,RP,8.2,5.0
PP,17.0,697.88,BK,INJ,1,RP,7.8,2.8
PP,14.8,698.0,BK,INJ,1,RP,8.1,3.0
PP,34.0,802.08,BK,INJ,1,RP,5.6,1.33
HIPS,8.4,1151.0,BK,X,1,RP,2.8,0.97
HIPS,8.4,1151.0,BK,X,1,RP,2.8,1.0
HIPS,7.8,1122.4,BK,X,1,RP,4.9,0.88
HIPS,6.7,1093.0,BK,X,1,RP,4.4,1.0
HIPS,6.3,1081.8,BK,X,1,RP,5.0,1.2
HIPS,6.0,1059.25,BK,X,1,RP,4.9,1.3
HIPS,6.9,1109.4,BK,X,1,RP,3.0,1.33
PP,17.0,879.18,MIX,INJ,1,RP,2.2,1.8
PP,1.0,977.32,MIX,OFF,1,RP,0.9,15.44
PPH,40.0,1105.0,BK,HM,1,RP,1.8,0.6
PPH,38.6,1082.0,BK,HM,1,RP,1.8,1.0
PPH,38.0,1101.75,BK,HM,1,RP,1.7,0.6
PPH,35.0,1038.0,BK,HM,1,RP,1.7,0.81
PP,33.0,987.78,BK,INJ,1,RP,6.7,0.67
HIPS,6.2,866.18,BK,X,1,RP,3.5,2.2
HIPS,7.58,811.0,BK,X,1,RP,5.5,3.0
HIPS,6.4,851.04,BK,X,1,RP,3.8,2.3
HIPS,9.1,714.34,BK,X,1,RP,8.2,4.09
HIPS,4.8,977.14,BK,X,1,RP,2.9,1.7
HIPS,4.6,981.0,BK,X,1,RP,2.7,2.0
HIPS,4.6,985.56,BK,X,1,RP,2.7,1.6
PPH,38.0,1049.6,BK,HM,1,RP,1.9,0.7
PPH,38.0,1024.0,BK,HM,1,RP,1.9,1.0
PPH,40.0,1039.8,BK,HM,1,RP,2.0,0.6
PPH,37.0,983.86,BK,HM,1,RP,1.8,0.76
HIPS,4.3,1003.66,BK,X,1,RP,4.2,1.6
HIPS,4.28,1006.0,BK,X,1,RP,4.1,2.0
HIPS,4.4,1003.86,BK,X,1,RP,4.1,1.5
HIPS,4.6,1010.4,BK,X,1,RP,4.6,1.48
PPH,44.0,1185.8,BK,HM,1,RP,3.0,0.52
PP,30.0,941.74,BK,INJ,1,RP,2.3,1.16
PP,39.0,1085.2,BK,INJ,1,RP,3.0,0.65
PP,39.0,1085.0,BK,INJ,1,RP,3.0,1.0
PP,18.0,1129.6,BK,INJ,1,RP,3.1,0.9
PP,19.25,1123.0,BK,INJ,1,RP,3.0,1.0
PP,20.0,1116.8,BK,INJ,1,RP,3.0,0.8
PP,24.0,1113.8,BK,INJ,1,RP,2.2,1.1
PP,40.0,1093.0,BK,INJ,1,RP,1.9,0.9
PP,42.0,1094.8,BK,INJ,1,RP,1.9,0.88
PP,37.13,1090.0,BK,INJ,1,RP,1.8,1.0
PP,39.0,1106.4,BK,INJ,1,RP,1.7,0.91
PP,39.0,1042.4,BK,INJ,1,RP,1.7,0.9
PPH,62.0,1276.2,BK,HM,1,RP,2.6,0.44
PPH,68.0,1324.8,BK,HM,1,RP,1.9,0.41
PPH,30.0,1356.6,BK,HM,1,RP,2.1,0.47
PP,26.0,1016.6,BK,INJ,1,RP,1.4,1.0
PP,38.0,1007.0,BK,INJ,1,RP,1.5,1.0
PP,38.71,1012.0,BK,INJ,1,RP,1.3,1.0
PP,46.0,1008.4,BK,INJ,1,RP,0.98,0.96
PP,45.0,985.06,BK,INJ,1,RP,0.98,0.99
PP,40.0,948.22,BK,INJ,1,RP,1.4,1.0
PP,40.0,1011.2,BK,INJ,1,RP,1.7,0.97
PP,35.0,1072.2,BK,INJ,1,RP,1.2,0.91
PP,40.0,1046.4,BK,INJ,1,RP,1.7,0.9
PPH,48.0,1135.0,BK,INJ,1,RP,6.6,0.47
PP,11.0,585.52,BK,INJ,1,RP,5.0,10.74
PP,11.0,630.18,BK,INJ,1,RP,4.0,10.88
PP,14.0,636.86,BK,INJ,1,RP,4.5,11.24
PP,13.04,634.0,BK,INJ,1,RP,4.9,11.0
PP,11.0,748.16,BK,INJ,1,RP,5.5,9.46
PP,12.0,758.48,BK,INJ,1,RP,6.1,9.2
PP,11.3,759.0,BK,INJ,1,RP,6.2,9.0
PP,12.0,770.88,BK,INJ,1,RP,7.0,9.36
PP,29.0,998.08,BK,INJ,1,RP,6.2,0.8
PP,29.0,998.0,BK,INJ,1,RP,6.2,1.0
HIPS,5.8,878.64,BK,INJ,1,RP,3.7,1.62
PP,38.0,1010.0,BK,INJ,1,RP,2.8,1.0
-,38.0,1010.0,BK,INJ,1,RP,2.8,0.94
PP,29.0,1061.8,BK,INJ,1,RP,2.9,1.06
PP,31.31,1031.0,BK,INJ,1,RP,3.3,1.0
PP,35.0,967.06,BK,INJ,1,RP,3.8,1.09
PP,47.0,990.18,BK,INJ,1,RP,3.2,0.79
PP,28.0,997.32,BK,INJ,1,RP,1.0,1.1
PP,29.0,1052.0,BK,INJ,1,RP,4.8,0.76
PP,28.0,1052.0,BK,INJ,1,RP,4.7,1.0
PP,23.5,1034.0,BK,INJ,1,RP,7.7,1.0
PP,22.0,1051.4,BK,INJ,1,RP,6.6,0.8
PP,24.0,1033.4,BK,INJ,1,RP,6.7,0.9
PP,22.0,1017.6,BK,INJ,1,RP,9.9,0.72
PP,29.0,911.1,BK,INJ,1,RP,4.0,1.1
HIPS,7.3,945.5,BK,INJ,1,RP,7.0,2.0
-,31.31,1105.0,BK,INJ,1,RP,3.3,1.0
PPH,37.0,1093.6,BK,HM,1,RP,3.1,0.64
PPH,41.67,1166.0,BK,HM,1,RP,2.7,1.0
PPH,43.0,1203.4,BK,HM,1,RP,3.9,0.52
PPH,38.0,1163.2,BK,HM,1,RP,2.0,0.55
PPH,45.0,1204.8,BK,HM,1,RP,1.7,0.6
PP,123.0,840.76,BK,HM,PUF,RP,2.1,2.06
PP,40.0,936.96,BK,HM,1,RP,1.9,1.8
PP,35.0,939.66,BK,HM,1,RP,1.8,1.6
PP,37.33,889.0,BK,HM,1,RP,1.8,2.0
PP,30.0,888.38,BK,HM,1,RP,1.8,2.3
PP,35.0,885.06,BK,HM,1,RP,1.9,2.98
PP,30.0,990.16,BK,INJ,1,RP,1.2,0.88
PP,39.0,798.7,BK,HM,1,RP,2.5,1.8
PP,36.5,907.0,BK,HM,1,RP,2.0,1.0
PP,38.0,805.44,BK,HM,1,RP,2.3,1.7
PP,30.0,1116.8,BK,HM,1,RP,0.8,0.63
PP,26.0,1170.0,BK,HM,1,RP,2.1,0.71
PP,40.44,1250.0,BK,HM,1,RP,3.0,1.0
PP,25.0,1135.8,BK,HM,1,RP,3.7,0.67
PPH,34.0,1043.8,BK,HM,1,RP,2.2,0.66
PPH,33.67,1066.0,BK,HM,1,RP,2.4,1.0
PPH,31.0,1050.4,BK,HM,1,RP,2.3,0.69
PPH,38.0,1220.4,BK,HM,1,RP,2.0,0.47
PP,28.0,901.1,BK,HM,1,RP,4.0,1.2
PP,28.08,959.0,BK,HM,1,RP,3.0,1.0
PP,29.0,937.98,BK,HM,1,RP,3.9,1.1
PP,27.0,958.86,BK,HM,1,RP,3.2,1.12
PP,27.0,978.64,BK,HM,1,RP,2.6,1.1
PP,28.0,961.6,BK,HM,1,RP,2.7,1.2
PP,29.0,1002.02,BK,HM,1,RP,2.2,1.0
PP,30.0,973.4,BK,HM,1,RP,2.4,1.09
PP,35.0,970.12,BK,INJ,1,RP,5.1,0.81
PP,31.0,1058.2,BK,INJ,1,RP,3.7,0.88
PP,45.0,1017.2,BK,HM,1,RP,1.2,0.64
PP,87.0,984.23,BK,HM,1,RP,1.9,0.72
PP,80.0,1082.0,BK,HM,1,RP,2.5,0.63
PP,45.0,1046.4,BK,HM,1,RP,2.6,0.6
PP,44.93,1067.0,BK,HM,1,RP,1.9,1.0
PP,45.0,925.1,BK,HM,1,RP,2.6,1.0
PP,24.0,930.94,BK,INJ,1,RP,2.9,1.7
PP,25.9,916.0,BK,INJ,1,RP,2.3,3.0
PP,23.0,928.46,BK,INJ,1,RP,2.8,1.8
PP,26.0,857.36,BK,INJ,1,RP,1.9,2.9
PP,27.0,946.22,BK,INJ,1,RP,2.3,3.95
PP,26.0,928.26,BK,INJ,1,RP,1.9,2.1
PP,26.0,904.58,BK,INJ,1,RP,2.0,3.7
PP,37.0,1119.6,BK,INJ,1,RP,3.3,0.77
HIPS,5.7,1097.33,BK,X,1,RP,5.8,0.87
HIPS,5.96,1092.0,BK,X,1,RP,5.3,1.0
HIPS,5.8,1074.33,BK,X,1,RP,5.7,0.92
HIPS,6.2,1113.6,BK,X,1,RP,5.3,0.9
HIPS,6.0,1105.4,BK,X,1,RP,5.2,1.0
HIPS,6.6,1058.8,BK,X,1,RP,4.1,1.1
HIPS,6.4,1088.2,BK,X,1,RP,4.6,1.2
-,5.96,1086.0,BK,X,1,RP,5.3,1.0
HIPS,5.96,1086.0,BK,X,V,C,5.3,1.0
PP,33.0,1111.0,BK,INJ,1,RP,2.4,0.82
PP,25.55,779.0,BK,HM,1,RP,4.7,2.0
PP,23.0,773.1,BK,HM,1,RP,4.7,2.0
-,25.55,782.0,BK,HM,1,RP,4.7,2.0
HIPS,6.0,854.16,BK,X,1,RP,6.0,1.7
HIPS,5.43,905.0,BK,X,1,RP,5.5,1.0
HIPS,6.8,854.28,BK,X,1,RP,6.2,1.6
HIPS,5.6,937.06,BK,X,1,RP,4.8,1.6
HIPS,4.3,923.48,BK,X,1,RP,4.7,1.37
HIPS,4.6,955.48,BK,X,1,RP,5.0,1.2
PP,13.52,930.0,MIX,INJ,E,RG,1.5,1.0
PP,2.8,1080.8,MIX,EXT,1,RP,2.3,4.4
PP,2.9,1046.0,MIX,EXT,1,RP,2.4,4.0
PP,3.0,1010.28,MIX,EXT,1,RP,2.4,4.0
PP,34.0,1479.6,BK,INJ,1,RP,2.3,0.6
PP,33.0,1478.8,BK,INJ,1,RP,2.2,0.5
HIPS,5.6,1033.76,BK,X,1,RP,5.5,1.1
HIPS,5.63,1048.0,BK,X,1,RP,5.1,1.0
HIPS,5.0,1087.5,BK,X,1,RP,5.4,1.2
HIPS,6.12,1022.3,BK,X,1,RP,4.0,1.5
HIPS,6.6,1108.6,BK,X,1,RP,5.6,1.26
HIPS,6.44,1082.0,BK,X,1,RP,5.1,1.0
HIPS,6.7,1074.4,BK,X,1,RP,4.4,1.3
HIPS,6.3,1064.0,BK,X,1,RP,5.2,1.2
HIPS,6.0,1008.88,BK,X,1,RP,5.8,1.48
HIPS,6.9,1023.0,BK,X,1,RP,4.7,1.0
HIPS,7.0,1023.0,BK,X,1,RP,3.8,1.53
HIPS,6.6,1025.24,BK,X,1,RP,4.8,1.46
PP,26.0,928.76,BK,HM,1,RP,4.8,0.98
HIPS,6.8,970.0,BK,X,1,RP,5.6,1.0
HIPS,7.6,1042.8,BK,X,1,RP,5.1,1.3
HIPS,5.1,1081.8,BK,X,1,RP,8.0,1.0
HIPS,5.18,1041.0,BK,X,1,RP,8.2,1.0
HIPS,5.0,1072.6,BK,X,1,RP,8.4,0.96
HIPS,5.0,969.0,BK,X,1,RP,8.4,1.0
PP,25.7,1443.4,BK,INJ,1,RP,1.35,0.66
PP,23.0,1500.0,BK,INJ,1,RP,1.3,0.6
PP,30.44,1473.0,BK,INJ,1,RP,1.8,1.0
PP,35.0,1500.0,BK,INJ,1,RP,1.6,0.54
PP,34.0,967.38,BK,INJ,1,RP,3.4,1.1
PP,36.0,1005.0,BK,INJ,1,RP,3.7,1.0
PP,33.0,938.78,BK,INJ,1,RP,3.2,1.0
PP,30.0,879.28,BK,INJ,1,RP,4.3,1.0
PP,41.0,1017.8,BK,INJ,1,RP,3.7,0.83
PP,37.0,982.72,BK,INJ,1,RP,4.0,1.1
PP,56.0,877.76,BK,INJ,1,RP,1.7,0.93
PP,56.0,878.0,BK,INJ,1,RP,1.7,1.0
PP,42.0,889.86,BK,INJ,1,RP,2.5,0.94
PP,46.9,821.0,BK,INJ,1,RP,2.4,1.0
PP,42.0,751.72,BK,INJ,1,RP,3.2,1.06
PP,34.68,880.0,BK,INJ,1,RP,3.2,1.0
PP,34.0,879.5,BK,INJ,1,RP,3.4,1.0
ABS,5.0,931.15,BK,X,1,RP,3.3,2.6
ABS,4.63,927.0,BK,X,1,RP,3.1,3.0
ABS,4.4,922.26,BK,X,1,RP,3.1,2.7
ABS,3.6,900.84,BK,X,1,RP,1.9,2.4
ABS,4.13,901.0,BK,X,1,RP,2.4,3.0
PPH,45.0,1168.2,BK,HM,1,RP,2.3,0.45
PPH,57.0,1142.6,BK,HM,1,RP,2.4,0.52
PPH,50.0,1239.8,BK,HM,1,RP,1.9,0.6
PPH,68.0,1238.4,BK,HM,1,RP,1.5,0.45
PP,36.0,1257.0,BK,HM,1,RP,1.38,0.67
PP,20.0,936.92,BK,INJ,1,RP,3.3,6.7
PP,19.17,943.0,BK,INJ,1,RP,3.7,5.0
PP,18.5,949.16,BK,INJ,1,RP,4.0,3.4
PP,38.0,1126.8,BK,INJ,1,RP,4.0,0.7
PP,38.0,1122.0,BK,INJ,1,RP,4.0,1.0
PP,21.0,918.98,BK,INJ,1,RP,5.68,1.53
PP,24.63,869.0,BK,INJ,1,RP,6.6,2.0
PP,24.0,842.48,BK,INJ,1,RP,5.6,2.45
PPH,34.25,1178.0,BK,HM,1,RP,2.4,1.0
PPH,35.0,1040.6,BK,HM,1,RP,2.4,0.6
PP,23.0,883.56,BK,INJ,1,RP,3.3,1.0
PP,22.0,874.0,BK,INJ,1,RP,3.2,1.0
PP,21.0,863.64,BK,INJ,1,RP,3.1,1.1
PPH,40.0,1164.4,BK,HM,1,RP,2.6,0.6
PPH,42.0,1179.4,BK,HM,1,RP,2.4,0.44
PPH,42.0,1232.2,BK,HM,1,RP,2.0,0.6
PPH,68.0,1181.2,BK,HM,1,RP,1.6,0.48
PPH,78.0,1066.8,BK,HM,1,RP,2.2,0.6
PPH,76.6,1095.0,BK,HM,1,RP,2.3,1.0
PPH,70.0,1123.8,BK,HM,1,RP,2.8,0.6
PPH,53.67,1259.0,BK,HM,1,RP,1.8,1.0
PPH,54.0,1259.2,BK,HM,1,RP,1.8,0.59
HIPS,5.8,1070.92,BK,INJ,1,RP,6.0,5.4
PPH,32.0,1166.8,BK,HM,1,RP,1.8,0.6
PPH,30.5,1186.0,BK,HM,1,RP,2.1,1.0
PPH,30.0,1208.8,BK,HM,1,RP,2.0,0.5
PPH,30.0,1117.2,BK,HM,1,RP,2.0,0.54
PPH,30.0,1249.4,BK,HM,1,RP,2.4,0.58
PPH,28.0,1301.0,BK,HM,1,RP,1.6,0.6
PPH,40.0,1413.75,BK,HM,1,RP,3.6,0.55
PPH,35.27,1382.0,BK,HM,1,RP,2.2,1.0
PPH,44.5,1427.0,BK,HM,1,RP,1.8,0.59
PP,30.0,1017.0,BK,INJ,1,RP,2.5,0.83
PP,44.0,1022.4,BK,INJ,1,RP,3.2,0.77
PPH,32.26,933.0,BK,HM,1,RP,2.8,1.0
PPH,30.0,918.98,BK,HM,1,RP,2.8,1.0
PP,30.0,1039.2,BK,INJ,1,RP,2.0,0.6
PP,41.57,1041.0,BK,INJ,1,RP,2.6,1.0
PP,36.0,1045.0,BK,INJ,1,RP,2.8,0.6
PP,34.0,1128.5,BK,HM,1,RP,4.1,0.6
PP,70.0,436.26,BK,HM,1,RP,14.0,8.0
HIPS,7.9,994.8,BK,X,S,RP,3.2,1.9
HIPS,6.52,996.0,BK,X,S,RP,2.9,2.0
HIPS,6.0,997.52,BK,X,S,RP,2.3,1.99
PP,0.75,1001.58,BK,EXT,1,RP,1.0,16.0
PP,0.75,1002.0,BK,EXT,1,RP,1.0,16.0
PPH,60.0,1164.25,BK,HM,1,RP,5.0,0.9
PP,25.76,1092.4,BK,INJ,1,RP,4.64,0.88
PP,104.0,926.5,BK,HM,1,RP,1.2,1.01
PP,96.0,920.32,BK,HM,1,RP,0.1,1.22
PP,63.82,963.0,BK,HM,1,RP,1.5,1.0
PP,64.0,990.21,BK,HM,1,RP,1.3,0.8
PP,65.0,935.82,BK,HM,1,RP,2.1,1.1
PP,16.0,956.26,BK,HM,1,RP,2.2,1.1
PP,20.0,1344.0,MIX,INJ,E,RG,0.8,0.9
PP,24.75,1089.0,BK,INJ,1,RP,5.5,1.0
PPH,37.56,1229.4,BK,HM,1,RP,3.83,0.58
PPH,20.0,1162.78,BK,HM,1,RP,2.3,1.0
PPH,21.0,1301.4,BK,HM,1,RP,1.6,0.61
PPH,26.1,1264.0,BK,HM,1,RP,1.8,1.0
PPH,33.0,1327.4,BK,HM,1,RP,1.0,0.49
PP,27.0,1218.2,BK,INJ,1,RP,7.2,0.8
PP,17.0,1194.8,BK,INJ,1,RP,8.0,0.8
PP,15.0,1171.6,BK,INJ,1,RP,9.1,0.82
PP,18.36,1198.0,BK,INJ,1,RP,8.5,1.0
PP,36.0,1136.8,BK,INJ,1,RP,9.7,0.63
PP,30.0,1058.8,BK,INJ,1,RP,9.5,0.67
-,6.52,996.0,BK,X,S,RP,2.9,2.0
PP,15.0,1021.0,BK,HM,1,RP,1.0,1.2
PP,15.14,1003.0,BK,HM,1,RP,1.6,1.0
PP,16.0,1031.6,BK,HM,1,RP,1.1,1.0
PS,4.3,1415.6,MIX,EXT,1,RP,0.6,0.62
PS,4.17,1397.0,MIX,EXT,1,RP,0.5,1.0
PS,4.0,1378.8,MIX,EXT,1,RP,0.4,0.76
HIPS,5.6,1154.8,BK,X,1,RP,10.0,0.76
HIPS,6.48,1158.0,BK,X,1,RP,6.1,1.0
HIPS,5.8,1314.6,BK,X,1,RP,9.6,0.85
HIPS,8.0,1262.4,BK,X,1,RP,2.6,0.99
HIPS,7.3,1244.0,BK,X,1,RP,4.4,1.1
HIPS,5.7,1134.4,BK,X,1,RP,3.9,1.4
HIPS,7.0,1120.0,BK,X,1,RP,2.4,1.2
HIPS,6.6,1106.0,BK,X,1,RP,4.0,1.4
-,6.48,1106.0,BK,X,1,RP,6.1,1.0
HIPS,6.48,1106.0,BK,X,X,C,6.2,1.0
PPH,30.0,1198.6,BK,HM,1,RP,1.4,0.56
PPH,38.0,1281.6,BK,HM,1,RP,1.6,0.46
PP,29.0,762.18,BK,INJ,1,RP,6.0,1.13
PP,29.11,743.0,BK,INJ,1,RP,5.9,1.0
PP,28.0,760.22,BK,INJ,1,RP,5.9,1.17
HIPS,11.0,923.24,BK,INJ,1,RP,3.9,1.3
HIPS,9.3,905.6,BK,INJ,1,RP,3.6,1.67
HIPS,9.15,920.0,BK,INJ,1,RP,3.9,2.0
HIPS,9.5,928.54,BK,INJ,1,RP,4.4,1.6
PP,39.0,971.78,BK,HM,1,RP,3.2,0.52
PP,39.0,1064.0,BK,HM,1,RP,2.2,1.0
PP,31.0,1073.6,BK,HM,1,RP,1.4,0.64
PP,36.0,1092.33,BK,HM,1,RP,2.4,0.74
PP,28.0,1196.8,BK,HM,1,RP,2.6,0.54
PP,29.0,1205.4,BK,HM,1,RP,2.5,0.5
PP,34.0,1221.2,BK,HM,1,RP,2.0,0.52
PP,25.0,923.58,BK,INJ,1,RP,9.1,1.7
HIPS,4.18,948.0,BK,X,1,RP,6.6,1.0
HIPS,4.2,958.64,BK,X,1,RP,5.8,1.2
PP,37.17,1117.0,BK,HM,1,RP,2.5,1.0
PP,36.0,909.1,BK,HM,1,RP,2.4,0.6
PP,29.0,1166.38,BK,HM,1,RP,2.5,0.6
PP,37.0,1192.8,BK,HM,1,RP,1.7,0.48
PP,46.0,1116.8,BK,HM,1,RP,1.5,0.58
PP,42.0,1132.4,BK,HM,1,RP,1.8,0.63
HIPS,3.8,814.82,BK,X,1,RP,7.2,2.0
HIPS,4.32,820.0,BK,X,1,RP,6.1,2.0
HIPS,4.2,818.54,BK,X,1,RP,7.5,2.2
HIPS,4.9,833.16,BK,X,1,RP,5.88,2.03
PP,28.0,952.8,BK,INJ,1,RP,1.8,1.08
PP,29.54,952.0,BK,INJ,1,RP,0.9,1.0
PP,21.69,959.0,BK,INJ,1,RP,2.0,1.0
PP,22.0,1010.33,BK,INJ,1,RP,0.94,1.16
PP,20.0,1005.2,BK,INJ,1,RP,2.5,1.63
PP,18.4,971.9,BK,INJ,1,RP,1.8,1.7
PP,20.0,708.22,BK,INJ,S,RP,1.2,12.4
PP,19.8,707.0,BK,INJ,S,RP,2.4,12.0
PP,19.0,706.9,BK,INJ,S,RP,3.5,12.4
PP,20.0,704.96,BK,INJ,S,RP,2.4,12.4
PP,26.0,896.86,BK,INJ,1,RP,1.1,2.6
PP,25.5,895.0,BK,INJ,1,RP,1.3,2.0
PP,24.0,907.35,BK,INJ,1,RP,1.0,2.3
PP,26.0,882.2,BK,INJ,1,RP,1.3,1.7
PP,56.0,1049.26,BK,HM,1,RP,1.6,0.53
PP,46.5,1043.0,BK,HM,1,RP,1.5,1.0
PP,49.0,1066.2,BK,HM,1,RP,1.3,0.5
PP,31.0,1012.7,BK,HM,1,RP,1.7,0.72
PP,20.0,924.0,BK,INJ,1,RP,1.4,2.0
PP,20.0,923.84,BK,INJ,1,RP,1.4,1.95
PP,13.0,602.38,BK,INJ,1,RP,5.2,8.3
PP,40.0,973.8,BK,HM,1,RP,2.9,1.0
PP,30.0,1071.6,BK,HM,1,RP,1.8,0.8
PP,41.5,1134.0,BK,HM,1,RP,1.9,1.0
PP,31.0,1095.2,BK,HM,1,RP,1.9,0.77
PP,29.0,699.76,BK,INJ,1,RP,6.1,1.45
PP,32.0,721.26,BK,INJ,1,RP,6.1,1.4
PP,31.0,772.62,BK,INJ,1,RP,6.0,1.1
PPH,45.0,1182.2,BK,HM,1,RP,18.0,0.44
PPH,43.0,1186.2,BK,HM,1,RP,11.0,0.43
HIPS,5.9,1026.33,BK,X,1,RP,15.0,0.46
HIPS,8.4,911.36,BK,X,1,RP,5.1,1.6
HIPS,5.1,1038.4,BK,X,1,RP,4.2,1.08
HIPS,4.9,1021.0,BK,X,1,RP,4.1,1.0
HIPS,5.0,1036.2,BK,X,1,RP,5.7,0.7
PP,26.0,936.32,BK,INJ,1,RP,1.6,1.4
PP,15.8,1011.0,BK,INJ,1,RP,1.3,1.0
PP,15.0,1026.2,BK,INJ,1,RP,1.2,1.2
PP,14.0,1071.25,BK,INJ,1,RP,1.3,1.14
PP,36.0,1016.4,BK,INJ,1,RP,1.7,1.1
PP,32.8,1035.0,BK,INJ,1,RP,1.3,1.0
PP,29.0,1095.8,BK,INJ,1,RP,1.46,1.0
PP,43.0,993.04,BK,INJ,1,RP,1.3,1.2
PP,35.0,1285.4,BK,HM,1,RP,2.1,0.56
PP,13.4,970.14,BK,INJ,1,RP,0.2,2.36
PP,12.27,1031.0,BK,INJ,1,RP,0.5,4.0
PP,13.0,924.62,BK,INJ,1,RP,0.5,10.81
PP,31.0,891.92,BK,INJ,1,RP,2.0,0.75
PP,20.0,787.2,BK,INJ,1,RP,3.6,2.1
HIPS,4.3,1022.0,BK,X,1,RP,4.1,1.2
HIPS,4.5,1027.0,BK,X,1,RP,4.3,1.0
HIPS,4.7,1031.6,BK,X,1,RP,4.4,1.3
-,4.5,1027.0,BK,X,1,RP,4.3,1.0
HIPS,6.2,967.84,BK,X,S,RP,3.0,1.7
HIPS,6.79,967.0,BK,X,S,RP,2.5,2.0
HIPS,6.2,965.54,BK,X,S,RP,2.5,1.8
-,6.79,967.0,BK,X,S,RP,2.5,2.0
HIPS,4.2,869.58,MIX,X,1,RP,3.3,2.27
HIPS,4.17,884.0,MIX,X,1,RP,3.1,2.0
HIPS,4.0,892.22,MIX,X,1,RP,3.1,2.28
PP,19.5,976.0,BK,INJ,1,RP,6.3,1.0
PP,20.0,975.68,BK,INJ,1,RP,6.4,1.2
HIPS,6.2,1145.2,BK,X,1,RP,3.8,1.47
HIPS,7.01,1127.0,BK,X,1,RP,3.3,1.0
HIPS,6.1,1159.8,BK,X,1,RP,3.3,1.3
HIPS,6.0,1144.6,BK,X,1,RP,3.2,1.55
HIPS,6.2,1177.2,BK,X,1,RP,3.1,1.5
HIPS,8.0,1094.0,BK,X,1,RP,2.78,0.97
HIPS,8.0,1043.0,BK,X,1,RP,2.7,1.43
HIPS,4.1,834.0,BK,X,1,RP,7.4,1.46
HIPS,5.18,864.0,BK,X,1,RP,8.4,2.0
HIPS,6.2,858.22,BK,X,1,RP,9.0,1.73
HIPS,4.5,888.62,BK,X,1,RP,8.2,1.6
HIPS,5.3,873.18,BK,X,1,RP,8.6,1.71
HIPS,4.1,890.0,MIX,X,1,RP,3.0,2.5
PP,70.0,948.1,BK,INJ,1,RP,8.6,0.82
PP,41.99,977.0,BK,INJ,1,RP,8.6,1.0
PP,39.0,994.4,BK,INJ,1,RP,9.4,0.9
PP,39.0,983.68,BK,INJ,1,RP,8.5,0.98
PP,40.0,976.98,BK,INJ,1,RP,8.7,0.9
-,42.16,955.0,BK,INJ,1,RP,8.6,1.0
HIPS,6.3,999.74,BK,X,S,RP,4.6,1.05
HIPS,6.3,995.0,BK,X,S,RP,4.1,1.0
HIPS,6.0,990.92,BK,X,S,RP,4.5,1.5
HIPS,4.6,884.24,BK,X,1,RP,6.0,1.4
PP,22.0,1122.2,BK,HM,CH,RP,6.3,1.1
PP,28.0,1137.2,BK,HM,1,RP,1.9,0.92
PP,31.25,1142.0,BK,HM,1,RP,1.8,1.0
PP,38.0,989.5,BK,HM,1,RP,9.9,0.94
PS,4.14,1204.8,MIX,X,1,RP,0.5,1.24
PS,4.78,1209.0,MIX,X,1,RP,0.9,1.0
PS,4.2,1213.6,MIX,X,1,RP,1.0,0.82
HIPS,6.88,1041.0,BK,X,1,RP,2.8,1.0
HIPS,7.6,1009.02,BK,X,1,RP,3.1,1.2
HIPS,8.4,1018.82,BK,X,1,RP,3.5,1.11
HIPS,7.12,1020.94,BK,X,1,RP,2.15,1.17
HIPS,7.2,1054.23,BK,X,1,RP,3.0,1.1
HIPS,6.5,1074.6,BK,X,1,RP,1.63,1.44
PP,40.41,1180.0,BK,HM,1,RP,2.6,1.0
PP,41.0,1223.2,BK,HM,1,RP,3.0,0.6
PP,49.2,1187.6,BK,HM,1,RP,1.2,0.6
HIPS,5.7,973.36,BK,X,S,RP,4.1,1.83
HIPS,6.18,966.0,BK,X,S,RP,3.4,2.0
HIPS,6.3,958.24,BK,X,S,RP,3.6,2.02
PP,20.67,1130.0,BK,INJ,1,RP,4.7,1.0
PP,27.0,1141.4,BK,INJ,1,RP,5.0,0.6
PP,34.5,940.64,BK,HM,1,RP,3.8,1.1
PP,35.0,1193.2,BK,HM,1,RP,3.1,0.69
PP,39.01,1232.0,BK,HM,1,RP,2.7,1.0
PP,37.0,1259.4,BK,HM,1,RP,2.6,0.51
PP,40.0,1244.2,BK,HM,1,RP,3.1,0.53
PP,36.0,1230.0,BK,HM,1,RP,2.7,0.49
HIPS,3.1,1065.8,BK,X,1,RP,1.8,1.11
HIPS,3.1,1050.6,BK,X,1,RP,2.0,1.16
PP,30.65,1006.0,BK,HM,1,RP,3.6,1.0
HIPS,7.1,1085.4,BK,X,1,RP,3.9,1.16
HIPS,6.79,1078.0,BK,X,1,RP,3.1,1.0
HIPS,7.0,1103.6,BK,X,1,RP,4.4,1.1
HIPS,7.64,1065.4,BK,X,1,RP,2.34,1.49
HIPS,7.0,1053.5,BK,X,1,RP,4.1,1.3
HIPS,7.2,1076.4,BK,X,1,RP,4.0,1.55
HIPS,6.0,1050.6,BK,X,1,RP,2.0,1.2
PP,34.3,1070.2,BK,HM,1,RP,1.5,0.88
PP,32.89,1067.0,BK,HM,1,RP,1.7,1.0
PP,34.2,1079.8,BK,HM,1,RP,1.06,0.83
PP,32.0,1049.8,BK,HM,1,RP,2.0,0.89
PP,40.0,1143.2,BK,HM,1,RP,2.9,0.77
PP,28.0,1095.0,BK,HM,1,RP,1.3,0.78
PP,32.17,1107.0,BK,HM,1,RP,1.7,1.0
PP,28.0,1112.0,BK,HM,1,RP,1.79,0.6
ABS,4.17,1241.0,BK,X,1,RP,1.7,2.0
PP,36.0,1324.4,BK,HM,1,RP,1.9,1.92
PP,45.56,1290.0,BK,HM,1,RP,1.6,1.0
PP,37.0,1255.5,BK,HM,1,RP,1.7,0.78
PP,18.0,776.14,BK,INJ,1,RP,0.8,5.65
PP,20.0,760.0,BK,INJ,1,RP,11.2,6.0
PP,21.0,744.06,BK,INJ,1,RP,15.8,5.71
ABS,0.89,1490.33,BK,EXT,S,RP,1.5,7.13
ABS,0.95,1556.0,BK,EXT,S,RP,1.4,7.0
ABS,0.97,1461.0,BK,EXT,S,RP,1.3,6.92
ABS,0.98,1717.0,BK,EXT,S,RP,1.3,6.0
HIPS,6.24,1134.4,BK,X,1,RP,2.8,1.21
HIPS,7.11,1094.0,BK,X,1,RP,2.6,1.0
HIPS,7.4,1108.6,BK,X,1,RP,2.8,1.55
HIPS,7.8,1037.6,BK,X,1,RP,2.4,1.3
PP,35.0,1177.0,BK,HM,1,RP,1.8,1.0
PP,20.0,931.16,BK,HM,1,RP,1.7,1.73
PP,21.77,942.0,BK,HM,1,RP,0.9,2.0
PP,24.0,925.54,BK,HM,1,RP,1.1,1.69
PP,31.88,993.0,BK,INJ,1,RP,1.9,1.0
PP,22.0,1122.2,MIX,INJ,1,RG,0.3,0.85
PP,8.0,885.34,BK,INJ,1,RP,9.0,2.32
PP,8.0,885.0,BK,INJ,1,RP,9.0,2.0
PP,40.0,1081.6,BK,INJ,1,RP,1.6,0.77
PP,19.0,1111.0,BK,INJ,1,RP,3.0,0.9
PP,19.0,1096.5,BK,INJ,1,RP,6.0,0.73
PP,17.6,1061.0,BK,INJ,1,RP,7.7,0.9
PP,19.2,1048.0,BK,INJ,1,RP,7.4,1.0
PP,20.0,924.4,BK,INJ,1,RP,8.3,0.92
PP,40.0,1142.0,BK,INJ,1,RP,4.4,0.7
PP,37.5,1089.0,BK,INJ,1,RP,3.7,1.0
PP,40.0,1057.8,BK,INJ,1,RP,3.0,0.65
PP,42.0,1066.0,BK,INJ,1,RP,4.4,0.6
PP,5.2,601.34,BK,OFF,1,RP,0.8,9.52
PP,3.81,649.0,BK,OFF,1,RP,1.3,12.0
PP,3.2,750.26,BK,OFF,1,RP,1.1,12.93
PP,3.6,641.56,BK,OFF,1,RP,1.5,12.0
PP,19.0,1033.2,MIX,INJ,1,RG,6.9,1.01
PP,36.0,1032.4,BK,HM,1,RP,3.2,0.74
PPH,3.0,1334.0,MIX,OFF,1,RP,1.3,0.95
PPH,3.0,1334.0,MIX,OFF,1,RP,1.3,1.0
PP,21.0,1043.2,BK,INJ,1,RP,5.6,1.0
PP,25.0,1037.2,BK,INJ,1,RP,5.8,0.97
PP,41.63,1028.0,BK,INJ,1,RP,6.5,1.0
PP,38.0,1018.8,BK,INJ,1,RP,6.3,1.0
PP,40.0,1026.6,BK,INJ,1,RP,5.8,0.9
PP,26.0,758.42,BK,INJ,1,RP,7.4,1.56
PPH,3.9,1127.0,MIX,OFF,1,RP,5.0,1.0
PPH,6.0,1044.32,MIX,OFF,1,RP,1.2,0.75
ABS,3.3,892.95,BK,X,1,RP,2.2,1.57
ABS,3.4,904.0,BK,X,1,RP,1.9,2.0
ABS,3.5,914.24,BK,X,1,RP,1.6,1.64
PPH,24.0,1084.25,BK,INJ,1,RP,3.4,0.49
PPH,21.0,1089.5,BK,INJ,1,RP,4.2,0.64
PPH,30.0,1130.6,BK,INJ,1,RP,3.0,0.5
PPH,25.0,1101.0,BK,INJ,1,RP,4.2,1.0
HIPS,5.6,1069.4,BK,X,S,RP,4.3,0.64
HIPS,5.35,1105.0,BK,X,S,RP,4.6,1.0
HIPS,5.3,1103.6,BK,X,S,RP,3.9,0.69
HIPS,5.3,1101.4,BK,X,S,RP,4.2,0.73
-,5.35,1105.0,BK,X,S,RP,4.6,1.0
PP,35.0,1062.6,BK,HM,1,RP,5.0,0.6
PP,17.0,1047.8,MIX,INJ,1,RP,8.8,0.84
PPH,36.0,1261.2,BK,INJ,1,RP,3.1,0.59
PP,18.0,786.02,BK,INJ,1,RP,5.6,2.34
PPH,35.0,1187.0,BK,INJ,1,RP,3.0,1.0
PPH,34.0,1176.2,BK,INJ,1,RP,3.0,0.64
PPH,35.0,1123.0,BK,INJ,1,RP,3.0,0.6
PP,35.0,1112.8,BK,HM,1,RP,4.5,0.84
PP,15.0,1211.6,MIX,INJ,1,RG,1.4,1.1
PPH,29.0,1068.3,BK,INJ,1,RP,3.2,0.76
PPH,33.0,1085.4,BK,INJ,1,RP,3.4,0.7
PPH,33.25,1069.0,BK,INJ,1,RP,3.2,1.0
PPH,32.0,1053.8,BK,INJ,1,RP,3.1,0.61
HIPS,10.0,919.52,BK,X,1,RP,5.3,1.59
HIPS,11.0,924.3,BK,X,1,RP,5.7,1.6
HIPS,9.7,910.0,BK,X,1,RP,5.7,2.0
HIPS,10.0,884.7,BK,X,1,RP,5.8,1.69
HIPS,7.0,950.06,BK,X,1,RP,3.9,1.52
HIPS,6.74,982.0,BK,X,1,RP,5.3,1.0
HIPS,6.5,999.92,BK,X,1,RP,5.4,1.45
HIPS,6.5,979.98,BK,X,1,RP,5.5,1.5
HIPS,7.0,967.76,BK,X,1,RP,5.8,1.52
HIPS,6.6,980.7,BK,X,1,RP,5.2,1.2
HIPS,6.5,1012.6,BK,X,1,RP,5.1,1.3
PPH,34.0,1016.6,BK,INJ,1,RP,2.4,0.72
PPH,34.8,1047.0,BK,INJ,1,RP,2.7,1.0
PPH,33.0,1028.4,BK,INJ,1,RP,2.6,0.73
PPH,35.0,1097.4,BK,INJ,1,RP,2.9,0.65
HIPS,7.0,933.56,BK,X,1,RP,5.0,1.6
HIPS,6.4,971.28,BK,X,S,RP,4.3,1.6
HIPS,6.56,982.0,BK,X,S,RP,3.5,2.0
HIPS,6.6,992.74,BK,X,S,RP,4.7,1.7
PP,13.0,947.6,BK,INJ,1,RP,2.4,10.59
PP,14.0,932.38,BK,INJ,1,RP,4.7,10.38
PP,25.0,919.04,BK,INJ,1,RP,2.3,11.14
PP,22.03,952.0,BK,INJ,1,RP,2.2,10.0
PP,20.0,917.12,BK,INJ,1,RP,2.3,10.0
HIPS,6.6,924.64,BK,X,S,RP,4.3,1.5
HIPS,6.59,929.0,BK,X,S,RP,3.9,1.0
HIPS,6.3,933.4,BK,X,S,RP,4.1,1.4
PPH,30.0,1248.0,BK,INJ,1,RP,1.8,0.6
PPH,30.5,1244.0,BK,INJ,1,RP,2.9,1.0
PPH,34.0,1240.8,BK,INJ,1,RP,2.0,0.65
ADDITIFS,2.4,908.22,MIX,X,1,RG,0.6,3.82
ADDITIFS,2.4,908.0,MIX,X,1,RG,0.6,4.0
HIPS,6.2,952.0,BK,X,S,RP,3.0,1.9
HIPS,6.53,951.0,BK,X,S,RP,3.5,2.0
HIPS,6.5,949.88,BK,X,S,RP,3.4,1.99
ABS,1.7,1726.2,BK,X,1,RP,6.4,1.1
ABS,1.9,1672.6,BK,X,1,RP,7.7,0.79
ABS,1.73,1699.0,BK,X,1,RP,7.0,1.0
HIPS,5.6,1158.4,BK,X,1,RP,3.2,0.94
HIPS,4.16,1087.0,BK,X,1,RP,2.8,1.0
HIPS,4.4,1083.4,BK,X,1,RP,2.8,0.97
HIPS,4.3,1038.78,BK,X,1,RP,2.9,1.1
PPH,1.8,706.06,MIX,OFF,1,RP,3.8,6.2
PP,35.98,1056.0,BK,INJ,1,RP,3.6,2.0
PP,40.0,1204.6,BK,INJ,1,RP,3.8,0.63
PP,24.0,944.9,BK,INJ,1,RP,3.3,3.5
PP,24.36,882.0,BK,INJ,1,RP,3.2,5.0
PP,26.0,813.76,BK,INJ,1,RP,3.5,3.18
PPH,23.0,1344.8,BK,INJ,1,RP,1.0,0.66
PPH,27.0,1344.8,BK,INJ,1,RP,1.2,0.6
PPH,31.0,1435.6,BK,INJ,1,RP,1.2,0.66
PP,34.0,1083.8,BK,HM,1,RP,4.2,0.8
PP,18.94,848.0,BK,INJ,1,RP,6.9,11.0
PP,21.0,823.96,BK,INJ,1,RP,7.4,9.88
PP,38.87,789.0,BK,INJ,1,RP,6.4,7.0
PP,37.0,788.92,BK,INJ,1,RP,6.0,3.1
PP,15.3,831.32,BK,INJ,1,RP,3.8,7.83
PP,18.9,822.28,BK,INJ,1,RP,3.72,6.84
PP,18.14,827.0,BK,INJ,1,RP,3.8,7.0
PP,20.4,871.26,BK,INJ,1,RP,7.2,1.69
PS,4.5,1300.0,MIX,X,1,RP,0.29,0.72
PS,4.93,1272.0,MIX,X,1,RP,0.3,1.0
PS,4.7,1233.0,MIX,X,1,RP,0.51,0.95
PS,5.6,1283.0,MIX,X,1,RP,0.12,0.64
PP,18.0,826.76,BK,INJ,1,RP,4.1,6.0
PP,18.0,848.5,BK,INJ,1,RP,4.3,8.32
PP,17.79,838.0,BK,INJ,1,RP,4.1,9.0
PP,21.75,826.0,BK,INJ,1,RP,4.4,5.0
PP,21.0,822.0,BK,INJ,1,RP,4.2,5.68
HIPS,6.8,955.02,BK,X,1,RP,7.8,1.31
HIPS,7.39,968.0,BK,X,1,RP,5.8,1.0
HIPS,7.8,933.86,BK,X,1,RP,6.4,1.3
HIPS,7.4,1002.26,BK,X,1,RP,6.96,1.4
HIPS,7.1,1048.2,BK,X,1,RP,6.4,1.3
HIPS,7.62,964.62,BK,X,1,RP,6.32,1.3
HIPS,7.1,921.48,BK,X,1,RP,3.91,1.45
HIPS,7.18,965.96,BK,X,1,RP,5.64,1.51
HIPS,7.0,950.98,BK,X,1,RP,5.5,1.42
-,7.39,944.0,BK,X,1,RP,5.8,1.0
PPH,36.6,1152.0,BK,INJ,1,RP,6.4,1.0
PP,44.0,794.6,BK,INJ,1,RP,10.5,3.32
PP,24.0,842.54,BK,INJ,1,RP,8.6,2.13
PP,25.55,843.0,BK,INJ,1,RP,8.6,2.0
PP,26.0,890.72,BK,INJ,1,RP,9.7,2.8
PP,22.56,860.0,BK,INJ,1,RP,8.7,2.0
PP,24.0,812.18,BK,INJ,1,RP,9.0,2.192
PP,25.15,914.0,BK,INJ,1,RP,9.2,1.0
PP,26.3,914.06,BK,INJ,1,RP,9.2,1.4
HIPS,5.3,897.18,BK,X,1,RP,4.25,1.82
HIPS,4.84,871.0,BK,X,1,RP,4.9,2.0
HIPS,4.4,866.78,BK,X,1,RP,4.7,1.69
PPH,26.0,1127.2,BK,HM,1,RP,2.1,0.82
PPH,27.0,1107.8,BK,HM,1,RP,2.0,0.68
PPH,32.25,1108.0,BK,HM,1,RP,2.1,1.0
PPH,42.2,1088.0,BK,HM,1,RP,2.04,0.713
HIPS,7.4,969.4,BK,X,1,RP,9.9,0.9
HIPS,7.1,959.8,BK,X,1,RP,9.4,1.0
HIPS,7.8,950.13,BK,X,1,RP,7.2,1.11
HIPS,7.5,995.52,BK,X,1,RP,7.0,1.13
HIPS,7.69,1001.0,BK,X,1,RP,6.5,1.0
HIPS,7.87,1017.64,BK,X,1,RP,4.8,1.36
HIPS,7.88,1008.18,BK,X,1,RP,4.5,0.878
HIPS,8.0,980.58,BK,X,1,RP,5.1,1.0
-,7.69,975.0,BK,X,1,RP,6.5,1.0
PP,35.2,1065.2,BK,HM,1,RP,2.2,0.83
HIPS,5.16,949.98,BK,X,1,RP,4.4,1.41
PPH,30.0,1169.6,BK,HM,1,RP,2.5,0.62
PPH,31.0,1167.8,BK,HM,1,RP,2.8,0.6
PPH,29.5,1160.0,BK,HM,1,RP,2.7,1.0
PPH,29.52,1144.0,BK,HM,1,RP,2.4,0.55
HIPS,6.7,916.68,BK,X,S,RP,4.7,1.49
HIPS,7.12,937.0,BK,X,S,RP,4.8,1.0
HIPS,6.1,958.1,BK,X,S,RP,4.5,1.4
PPH,31.0,1030.8,BK,HM,1,RP,2.75,0.61
PPH,30.93,1092.0,BK,HM,1,RP,2.3,1.0
PPH,30.0,1052.0,BK,HM,1,RP,2.62,0.6
PPH,30.7,1194.2,BK,HM,1,RP,1.95,0.84
PP,34.0,1198.6,BK,HM,1,RP,2.3,0.77
HIPS,8.7,951.68,BK,X,1,RP,4.3,1.4
HIPS,9.97,970.0,BK,X,1,RP,4.8,1.0
HIPS,9.9,958.26,BK,X,1,RP,4.2,1.3
HIPS,11.0,1000.72,BK,X,1,RP,5.88,1.2
HIPS,9.6,971.04,BK,X,1,RP,5.0,1.3
PPH,29.0,1162.6,BK,HM,1,RP,2.46,0.61
PPH,38.8,1214.0,BK,HM,1,RP,2.1,1.0
PPH,32.0,1180.0,BK,HM,1,RP,2.61,0.6
PPH,51.6,1202.0,BK,HM,1,RP,1.9,0.57
PPH,31.0,1185.2,BK,HM,1,RP,1.5,0.73
PPH,34.0,1210.6,BK,HM,1,RP,1.9,0.75
PPH,32.94,1175.0,BK,HM,1,RP,2.1,1.0
PP,34.0,1199.0,BK,HM,1,RP,2.3,1.0
HIPS,3.18,1118.2,BK,X,1,RP,2.95,1.36
HIPS,3.46,1130.0,BK,X,1,RP,3.3,1.0
PPH,28.0,1146.8,BK,INJ,1,RP,2.81,0.59
HIPS,7.1,972.78,BK,X,S,RP,4.1,1.6
HIPS,6.29,970.0,BK,X,S,RP,3.7,2.0
HIPS,6.8,966.8,BK,X,S,RP,2.99,1.6
HIPS,5.06,980.0,BK,X,1,RP,3.9,2.0
HIPS,4.1,966.321,BK,X,1,RP,4.4,1.8
HIPS,5.9,986.92,BK,X,1,RP,5.3,1.6
HIPS,5.67,975.2,BK,X,1,RP,2.9,1.7
HIPS,7.4,942.04,BK,X,S,RP,3.0,1.4
HIPS,5.84,936.0,BK,X,S,RP,3.4,1.0
HIPS,7.0,929.44,BK,X,S,RP,2.6,1.41
HIPS,9.3,994.88,BK,X,1,RP,3.58,0.96
PP,19.14,820.1,BK,INJ,1,RP,6.5,3.47
PP,27.0,784.46,BK,INJ,1,RP,8.1,2.4
PP,28.0,756.03,BK,INJ,1,RP,8.0,1.87
PP,27.49,765.0,BK,INJ,1,RP,8.0,2.0
PP,32.8,762.78,BK,INJ,1,RP,8.5,4.0
PP,33.0,768.94,BK,INJ,1,RP,7.5,2.4
PP,25.0,757.98,BK,INJ,1,RP,7.41,2.23
-,27.15,767.0,BK,INJ,1,RP,8.0,2.0
PP,30.0,1252.4,BK,HM,1,RP,2.7,0.66
ABS,4.46,1483.0,BK,INJ,1,RP,3.4,3.0
HIPS,5.0,1002.26,BK,X,1,RP,2.9,1.94
HIPS,5.4,983.0,BK,X,1,RP,3.0,1.0
HIPS,5.9,1063.6,BK,X,1,RP,4.8,1.05
HIPS,5.5,882.68,BK,X,1,RP,2.6,1.21
PP,23.0,1229.2,BK,HM,1,RP,2.8,1.0
PP,22.88,1223.0,BK,HM,1,RP,2.3,1.0
PP,16.0,1217.0,BK,HM,1,RP,2.0,0.86
PP,20.5,921.48,BK,HM,1,RP,2.8,1.6
PP,30.0,968.3,BK,HM,1,RP,2.5,1.5
PP,13.6,1476.75,BK,INJ,1,RP,0.72,0.55
PP,18.05,1480.0,BK,INJ,1,RP,0.8,1.0
PP,14.6,1483.4,BK,INJ,1,RP,0.96,0.63
PP,25.0,1484.8,BK,INJ,1,RP,0.97,0.56
PP,23.0,1371.5,BK,INJ,1,RP,1.75,0.8
PP,22.32,1476.75,BK,INJ,1,RP,0.44,0.61
PP,41.9,884.42,BK,HM,1,RP,11.2,1.82
PP,37.12,858.0,BK,HM,1,RP,11.4,2.0
PP,35.7,904.92,BK,HM,1,RP,10.4,2.1
PP,36.0,881.38,BK,HM,1,RP,10.0,1.8
PP,38.0,800.06,BK,HM,1,RP,11.2,2.0
PP,38.0,1145.4,BK,HM,1,RP,1.76,0.65
PP,37.49,1139.0,BK,HM,1,RP,1.9,1.0
PP,39.0,1162.8,BK,HM,1,RP,2.0,0.62
PP,40.0,1159.2,BK,HM,1,RP,2.0,0.64
HIPS,7.1,892.62,BK,X,1,RP,5.5,1.6
PS,5.3,1254.2,MIX,X,1,RP,0.5,0.99
PS,5.03,1344.0,MIX,X,1,RP,0.5,1.0
PS,5.0,1433.6,MIX,X,1,RP,0.49,0.71
HIPS,5.7,964.54,BK,X,1,RP,3.4,1.7
-,5.06,985.0,BK,X,1,RP,3.9,2.0
PPH,41.0,1137.2,BK,HM,1,RP,2.1,0.8
PPH,35.47,1117.0,BK,HM,1,RP,2.4,1.0
PPH,34.0,1129.0,BK,HM,1,RP,3.0,0.91
HIPS,6.5,1011.04,BK,X,1,RP,5.7,1.63
HIPS,6.25,1013.0,BK,X,1,RP,4.9,2.0
HIPS,6.3,1016.4,BK,X,1,RP,5.4,1.64
HIPS,5.7,1004.94,BK,X,1,RP,5.0,1.51
HIPS,5.2,1013.2,BK,X,1,RP,4.2,1.8
HIPS,5.2,1019.6,BK,X,1,RP,5.0,1.79
PP,27.0,911.28,BK,INJ,1,RP,3.2,1.3
PP,31.0,1140.0,BK,HM,1,RP,5.1,1.0
PP,30.5,1041.42,BK,HM,1,RP,5.1,1.0
HIPS,5.32,1127.2,BK,X,1,RP,4.28,1.68
HIPS,5.15,1116.0,BK,X,1,RP,4.5,2.0
HIPS,4.4,1038.4,BK,X,1,RP,4.4,1.69
HIPS,6.4,1175.4,BK,X,1,RP,5.3,1.23
PPH,34.25,1231.0,BK,HM,1,RP,1.4,1.0
PPH,32.0,1174.0,BK,HM,1,RP,1.2,0.75
ABS,2.76,1741.8,BK,X,S,RP,3.23,3.01
ABS,3.06,1789.0,BK,X,S,RP,2.9,3.0
ABS,2.76,1856.8,BK,X,S,RP,3.1,2.96
ABS,2.8,1825.8,BK,X,S,RP,3.03,3.27
PPH,34.0,1159.8,BK,HM,1,RP,1.85,0.71
PPH,42.84,1181.0,BK,HM,1,RP,1.7,1.0
PPH,58.0,1246.2,BK,HM,1,RP,1.8,0.51
PPH,39.8,1137.0,BK,HM,1,RP,1.6,0.71
PP,22.0,862.04,BK,INJ,1,RP,3.6,11.3
PP,24.0,858.2,BK,INJ,1,RP,3.66,12.08
PP,25.8,861.92,BK,INJ,1,RP,4.0,11.55
PP,23.6,845.5,BK,INJ,1,RP,3.92,11.3
PP,35.6,1010.28,MIX,INJ,1,RG,3.0,1.35
PPH,32.4,1214.2,BK,HM,1,RP,2.4,0.52
PPH,31.0,1238.0,BK,HM,1,RP,1.9,0.52
PPH,32.0,1254.0,BK,HM,1,RP,1.7,0.51
PP,28.0,969.14,BK,INJ,1,RP,2.7,1.22
PP,26.0,1020.33,BK,INJ,1,RP,2.22,1.55
PP,22.47,1008.0,BK,INJ,1,RP,2.5,1.0
PP,25.3,1030.2,BK,INJ,1,RP,1.28,1.3
PP,22.68,1025.6,BK,INJ,1,RP,0.97,1.29
PP,19.0,958.68,BK,INJ,1,RP,1.85,1.47
PP,26.7,986.72,BK,INJ,1,RP,1.78,1.37
PP,21.0,688.96,BK,INJ,S,RP,2.2,11.66
PP,19.41,724.0,BK,INJ,S,RP,2.2,12.0
PP,18.85,740.04,BK,INJ,S,RP,2.83,12.21
PPH,38.44,1192.0,BK,HM,1,RP,1.92,0.55
PP,4.6,1006.52,BK,INJ,1,RP,1.46,12.0
PP,4.88,918.66,BK,INJ,1,RP,1.94,12.63
PP,12.88,828.35,BK,INJ,1,RP,3.45,13.27
PP,10.82,846.52,BK,INJ,1,RP,3.75,14.0
-,22.47,1023.0,BK,INJ,1,RP,2.5,1.0
PP,39.0,963.96,BK,HM,1,RP,2.3,0.85
PP,47.0,943.84,BK,HM,1,RP,1.8,0.94
PP,48.91,986.0,BK,HM,1,RP,2.4,1.0
PP,35.4,1090.0,BK,HM,1,RP,2.4,0.99
PP,69.02,945.56,BK,HM,1,RP,2.6,0.99
PP,34.0,1300.2,BK,HM,1,RP,2.2,0.77
PP,34.0,1300.0,BK,HM,1,RP,2.2,1.0
PP,22.0,914.34,BK,INJ,1,RP,3.1,1.2
PP,20.0,974.74,BK,INJ,1,RP,6.4,1.37
PP,24.5,966.74,BK,INJ,1,RP,6.93,1.8
PP,22.68,971.0,BK,INJ,1,RP,6.6,2.0
PP,31.0,962.72,BK,HM,1,RP,6.8,1.14
PPH,31.0,988.82,BK,HM,1,RP,3.0,0.88
PPH,35.72,1031.0,BK,HM,1,RP,1.8,1.0
PPH,48.0,1089.4,BK,HM,1,RP,1.6,0.55
PPH,42.0,1013.4,BK,HM,1,RP,1.8,0.62
PPH,56.0,1119.2,BK,HM,1,RP,2.36,0.55
PPH,45.72,1111.0,BK,HM,1,RP,1.9,1.0
PP,7.23,647.28,BK,INJ,1,RP,2.68,10.42
PP,10.58,690.0,BK,INJ,1,RP,2.0,11.0
HIPS,8.84,892.0,BK,INJ,1,RP,4.3,2.0
HIPS,8.31,882.0,BK,INJ,1,RP,4.2,1.73
HIPS,9.1,870.36,BK,INJ,1,RP,3.56,1.8
-,8.84,909.0,BK,INJ,1,RP,4.3,2.0
PPH,36.0,1278.2,BK,HM,1,RP,3.45,0.67
PPH,41.7,1295.0,BK,HM,1,RP,2.2,1.0
PPH,35.0,1295.2,BK,HM,1,RP,2.8,0.58
PPH,48.3,1308.6,BK,HM,1,RP,1.66,0.6
HIPS,3.0,1129.0,BK,X,1,RP,4.2,0.99
HIPS,3.14,1110.0,BK,X,1,RP,3.6,1.0
HIPS,2.6,1117.4,BK,X,1,RP,4.1,1.0
HIPS,3.4,1122.0,BK,X,1,RP,3.2,1.27
HIPS,3.5,1073.0,BK,X,1,RP,2.7,1.06
PPH,128.0,1215.6,BK,HM,1,RP,1.44,0.52
PPH,30.0,1128.6,BK,HM,1,RP,1.9,0.56
PPH,30.22,1197.0,BK,HM,1,RP,2.2,1.0
PPH,28.0,1164.2,BK,HM,1,RP,2.2,0.58
PPH,31.0,1297.6,BK,HM,1,RP,2.3,0.56
PP,34.0,1123.0,BK,HM,1,RP,2.4,0.97
HIPS,9.1,828.46,BK,INJ,1,RP,6.0,1.62
HIPS,9.6,873.1,BK,INJ,1,RP,4.22,1.63
HIPS,9.96,894.0,BK,INJ,1,RP,4.4,1.0
HIPS,9.8,931.12,BK,INJ,1,RP,4.3,1.11
HIPS,8.2,944.2,BK,INJ,1,RP,4.0,1.63
PP,28.0,929.38,BK,INJ,1,RP,1.5,1.66
ABS,2.9,1790.6,GREY,INJ,S,RP,1.7,2.9
ABS,2.98,1829.0,GREY,INJ,S,RP,2.0,3.0
ABS,2.98,1811.0,GREY,INJ,S,RP,1.68,3.0
ABS,3.37,1884.8,GREY,INJ,S,RP,2.3,2.7
PP,36.4,1093.8,BK,HM,1,RP,4.1,1.17
PP,32.75,1098.0,BK,HM,1,RP,3.6,1.0
PP,33.84,1097.8,BK,HM,1,RP,4.1,1.19
PP,34.0,1123.0,BK,HM,1,RP,2.4,1.0
PPH,37.24,1202.0,BK,HM,1,RP,1.7,1.0
PP,17.95,1066.6,BK,INJ,1,RP,1.41,0.65
PP,22.54,1112.8,BK,INJ,1,RP,1.03,0.58
PP,24.0,1056.52,BK,INJ,1,RP,0.91,0.7
PPH,36.0,1268.0,BK,HM,1,RP,2.32,0.64
PPH,36.2,1219.0,BK,HM,1,RP,2.3,1.0
PPH,35.0,1140.4,BK,HM,1,RP,2.2,0.61
PPH,38.0,1250.0,BK,HM,1,RP,3.1,0.55
PP,16.0,972.9,BK,INJ,1,RP,3.48,1.6
PP,25.0,1255.6,BK,INJ,1,RP,1.1,0.57
PP,36.0,1207.0,BK,INJ,1,RP,2.28,0.62
PP,36.0,1219.4,BK,INJ,1,RP,1.61,0.57
PP,38.0,1230.8,BK,INJ,1,RP,1.2,0.61
PPH,37.0,1247.6,BK,HM,1,RP,1.73,0.53
PPH,43.43,1233.0,BK,HM,1,RP,1.9,1.0
PPH,38.0,1285.0,BK,HM,1,RP,2.8,0.49
PPH,39.0,1158.6,BK,HM,1,RP,2.9,0.6
PPH,49.0,1239.2,BK,HM,1,RP,1.43,0.57
HIPS,5.7,1082.8,BK,X,1,RP,3.2,1.32
HIPS,6.13,1085.0,BK,X,1,RP,3.5,2.0
HIPS,5.8,1020.6,BK,X,1,RP,4.56,1.4
HIPS,5.4,1180.6,BK,X,1,RP,2.1,1.31
HIPS,5.24,1084.4,BK,X,1,RP,2.02,1.8
HIPS,8.0,930.6,BK,X,1,RP,5.2,1.5
PP,35.0,1136.4,BK,HM,1,RP,2.6,0.74
PP,61.0,1007.16,BK,HM,1,RP,4.0,1.32
PP,43.84,997.28,BK,HM,1,RP,3.7,1.23
HIPS,7.4,977.94,BK,X,1,RP,7.5,1.43
HIPS,7.05,1009.0,BK,X,1,RP,5.6,1.0
HIPS,7.6,987.85,BK,X,1,RP,7.3,1.45
HIPS,6.6,1069.2,BK,X,1,RP,5.43,1.41
HIPS,6.0,1008.9,BK,X,1,RP,5.0,1.37
HIPS,5.9,1027.2,BK,X,1,RP,5.8,1.5
HIPS,7.6,988.4,BK,X,1,RP,6.5,1.31
HIPS,7.4,951.78,BK,X,1,RP,6.5,1.25
HIPS,9.06,987.36,BK,X,1,RP,4.7,1.21
PP,27.8,828.46,BK,INJ,1,RP,3.7,1.04
-,7.02,962.0,BK,X,1,RP,5.7,1.0
-,6.13,1072.0,BK,X,1,RP,3.5,1.0
PP,12.0,913.3,BK,INJ,1,RP,2.0,9.49
PP,36.0,1217.6,BK,HM,1,RP,2.1,0.69
HIPS,10.24,920.0,BK,X,1,RP,4.9,2.0
HIPS,9.0,908.02,BK,X,1,RP,4.5,1.6
PP,17.16,885.0,BK,INJ,1,RP,1.4,6.0
PP,16.0,917.76,BK,INJ,1,RP,2.4,3.73
PP,19.94,883.98,BK,INJ,1,RP,1.83,9.24
PP,19.0,865.16,BK,INJ,1,RP,1.2,9.65
PP,17.0,905.58,BK,INJ,1,RP,0.8,2.77
PP,16.8,845.46,BK,INJ,1,RP,1.27,6.4
PP,17.0,863.18,BK,INJ,1,RP,1.19,2.73
PP,31.34,1193.0,BK,HM,1,RP,5.33,0.81
TPO,16.95,773.0,BK,INJ,1,RP,16.0,6.0
TPO,15.0,804.46,BK,INJ,1,RP,16.0,6.6
PP,25.71,987.0,BK,INJ,1,RP,3.7,2.0
HIPS,6.9,930.28,BK,X,1,RP,6.0,1.94
HIPS,7.73,929.0,BK,X,1,RP,5.6,2.0
HIPS,6.4,935.64,BK,X,1,RP,5.74,1.9
HIPS,7.1,947.72,BK,X,1,RP,5.6,1.79
PP,31.71,1096.0,BK,INJ,1,RP,4.7,1.0
HIPS,3.3,1165.5,BK,X,1,RP,3.1,1.1
HIPS,3.5,1116.8,BK,X,1,RP,3.53,1.4
HIPS,3.18,1154.0,BK,X,1,RP,3.1,1.0
HIPS,3.25,1161.6,BK,X,1,RP,3.0,0.9
HIPS,2.78,1171.0,BK,X,1,RP,3.0,1.17
PP,29.8,1191.0,BK,INJ,1,RP,2.9,0.74
HIPS,8.53,920.26,BK,X,1,RP,7.76,1.61
HIPS,7.97,933.0,BK,X,1,RP,8.8,2.0
HIPS,8.4,937.06,BK,X,1,RP,10.1,1.53
HIPS,6.9,942.8,BK,X,1,RP,9.74,1.57
HIPS,6.4,1014.9,BK,X,1,RP,7.8,1.42
HIPS,6.99,1040.0,BK,X,1,RP,7.8,1.0
HIPS,7.2,974.9,BK,X,1,RP,8.26,1.24
HIPS,7.6,1026.8,BK,X,1,RP,8.3,1.25
HIPS,7.0,1049.4,BK,X,1,RP,8.2,1.35
HIPS,7.2,1092.8,BK,X,1,RP,6.6,1.11
PP,30.0,1212.6,MIX,INJ,1,RG,1.0,0.64
PP,35.0,1185.2,BK,HM,1,RP,2.8,0.52
HIPS,6.3,998.16,BK,X,1,RP,6.9,1.23
HIPS,5.47,998.0,BK,X,1,RP,5.3,1.0
HIPS,8.4,946.4,BK,X,1,RP,6.9,1.46
HIPS,4.5,881.88,BK,X,3,RP,5.1,2.1
HIPS,4.35,851.0,BK,X,3,RP,5.0,2.0
PP,14.2,835.08,BK,INJ,1,RP,3.9,13.3
PP,20.62,883.34,BK,INJ,1,RP,2.83,12.12
PP,18.14,856.0,BK,INJ,1,RP,2.9,13.0
PP,18.2,839.79,BK,INJ,1,RP,2.17,12.62
PP,24.0,934.3,BK,INJ,1,RP,2.7,0.92
PP,24.0,939.3,BK,INJ,1,RP,2.62,0.9
PP,40.3,936.0,BK,HM,1,RP,2.2,1.0
PP,43.36,950.16,BK,HM,1,RP,2.6,1.15
PP,40.0,901.78,BK,HM,1,RP,2.3,1.05
PP,32.4,930.78,BK,HM,1,RP,1.1,1.31
PP,34.1,955.94,BK,INJ,1,RP,4.6,0.86
PP,24.4,1136.0,BK,INJ,1,RP,1.8,1.12
PP,30.0,1145.8,BK,HM,1,RP,2.49,1.05
PP,32.76,1141.0,BK,HM,1,RP,1.08,1.01
PP,34.48,1137.0,BK,HM,1,RP,1.6,1.0
PP,33.62,1099.75,BK,HM,1,RP,2.88,1.1
PP,35.0,1179.0,BK,HM,1,RP,1.85,1.09
PP,31.7,978.04,BK,INJ,1,RP,2.1,1.06
PP,36.0,1065.45,BK,HM,1,RP,1.88,0.71
PP,35.82,1210.0,BK,HM,1,RP,2.1,1.0
PP,37.5,1247.25,BK,HM,1,RP,2.85,0.69
HIPS,3.16,1234.0,BK,X,1,RP,2.3,1.0
HIPS,3.3,1216.0,BK,X,1,RP,2.5,1.2
HIPS,3.5,1183.6,BK,X,1,RP,2.3,1.12
HIPS,6.7,1035.0,BK,X,1,RP,5.23,1.33
HIPS,7.75,1014.0,BK,X,1,RP,4.1,2.0
HIPS,7.34,1010.48,BK,X,1,RP,4.8,1.67
HIPS,8.0,1029.0,BK,X,1,RP,3.2,1.6
HIPS,7.0,1026.4,BK,X,1,RP,3.7,1.92
HIPS,8.6,967.3,BK,X,1,RP,3.444,1.75
HIPS,6.1,925.74,BK,X,1,RP,4.7,1.9
PP,27.0,981.88,BK,INJ,1,RP,3.7,1.08
PP,26.42,982.0,BK,INJ,1,RP,4.9,1.0
PP,16.0,800.5,BK,INJ,1,RP,12.3,4.78
PP,19.8,797.98,BK,INJ,1,RP,11.2,5.31
PP,37.72,747.4,BK,HM,1,RP,12.76,2.96
HIPS,7.75,1014.0,MIX,X,1,RP,4.1,2.0
PP,22.76,930.0,BK,INJ,1,RP,2.6,3.0
PP,22.0,938.06,BK,INJ,1,RP,3.0,2.27
PP,22.0,918.72,BK,INJ,1,RP,3.0,3.37
PP,23.58,908.58,BK,INJ,1,RP,2.07,3.2
PP,23.4,938.54,BK,INJ,1,RP,2.1,3.1
PP,23.3,932.48,BK,INJ,1,RP,1.46,2.68
PP,40.0,1179.2,BK,HM,1,RP,2.2,0.6
PP,31.0,1167.6,BK,HM,1,RP,2.0,0.61
PP,33.56,1218.0,BK,HM,1,RP,2.0,1.0
PP,33.0,1270.2,BK,HM,1,RP,2.4,0.77
PP,37.8,1255.6,BK,HM,1,RP,1.68,0.68
PP,44.52,745.5,BK,HM,1,RP,15.65,2.9
PP,38.53,754.0,BK,HM,1,RP,12.8,3.0
HIPS,7.1,1044.4,BK,X,1,RP,4.05,1.92
PP,29.8,1119.0,BK,HM,1,RP,1.1,0.94
PP,22.0,905.0,BK,INJ,1,RP,6.67,1.58
PP,25.0,869.84,BK,INJ,1,RP,6.4,1.7
PP,33.83,887.0,BK,INJ,1,RP,6.5,2.0
PP,35.0,936.16,BK,HM,1,RP,7.8,1.61
PP,34.7,936.0,BK,HM,1,RP,7.3,2.0
PS,4.9,1302.0,MIX,X,1,RP,0.81,0.68
PS,4.93,1263.0,MIX,X,1,RP,0.8,1.0
PS,5.0,1223.4,MIX,X,1,RP,0.74,0.63
HIPS,5.66,1038.2,BK,X,1,RP,4.98,1.24
HIPS,5.63,1023.0,BK,X,1,RP,4.7,1.0
HIPS,6.42,1062.4,BK,X,1,RP,3.79,1.35
HIPS,5.5,1104.8,BK,X,1,RP,4.92,1.24
HIPS,5.6,967.82,BK,X,1,RP,4.71,1.35
GPPS,3.2,2046.67,BK,X,1,RP,1.9,0.59
GPPS,3.3,1710.67,BK,X,1,RP,2.2,0.51
HIPS,4.93,1005.06,BK,X,1,RP,7.34,1.07
HIPS,4.53,1048.0,BK,X,1,RP,7.4,1.0
HIPS,5.0,1044.6,BK,X,1,RP,7.4,1.12
HIPS,4.0,1075.0,BK,X,1,RP,7.3,1.22
HIPS,4.2,1086.6,BK,X,1,RP,7.42,1.16
PP,19.98,1106.4,BK,INJ,1,RP,7.81,1.12
PP,24.91,1115.0,BK,INJ,1,RP,8.1,1.0
PP,18.23,1098.6,BK,INJ,1,RP,8.6,1.07
PP,21.0,1140.8,BK,INJ,1,RP,4.3,1.1
PP,28.0,1168.2,BK,INJ,1,RP,3.5,1.12
PP,29.52,1146.6,BK,INJ,1,RP,9.62,0.99
PP,27.0,1118.2,MIX,EXT,1,RP,8.04,0.77
TPO,28.65,815.0,BK,INJ,1,RP,22.6,6.0
TPO,31.0,783.18,BK,INJ,1,RP,22.3,6.56
TPO,28.21,775.72,BK,INJ,1,RP,22.04,5.63
TPO,29.0,886.34,BK,INJ,1,RP,22.4,6.42
PP,18.7,768.48,BK,INJ,S,RP,3.0,11.79
PP,18.6,766.82,BK,INJ,S,RP,3.6,11.94
PP,21.35,694.4,BK,INJ,S,RP,3.35,10.81
PP,19.2,694.36,BK,INJ,S,RP,3.83,10.6
PP,31.7,1012.12,BK,HM,1,RP,3.4,1.3
PP,23.8,950.68,BK,INJ,1,RP,2.4,1.14
TPO,18.0,751.54,BK,INJ,1,RP,17.1,5.43
TPO,18.0,755.1,BK,INJ,1,RP,16.2,5.5
TPO,20.79,766.0,BK,INJ,1,RP,15.8,5.0
TPO,23.2,746.76,BK,INJ,1,RP,17.4,5.53
TPO,22.0,810.14,BK,INJ,1,RP,15.1,5.4
PP,31.7,1012.0,BK,HM,1,RP,3.4,1.0
PP,32.3,1209.4,BK,HM,1,RP,4.7,0.76
-,32.3,1209.0,-,-,-,-,4.7,1.0
PPH,36.84,1278.0,BK,HM,1,RP,3.9,1.0
PPH,40.0,1278.2,BK,HM,1,RP,4.74,0.62
PP,35.0,1130.4,BK,HM,1,RP,7.8,0.71
PP,33.4,1063.2,BK,HM,1,RP,8.73,1.26
PPH,28.0,1368.0,BK,INJ,1,RP,3.41,0.59
PPH,30.0,1338.0,BK,HM,1,RP,3.53,0.6
PPH,30.0,1338.0,BK,HM,1,RP,3.5,1.0
PP,33.0,1182.2,BK,HM,1,RP,3.88,0.95
PP,33.0,1182.0,BK,HM,1,RP,3.9,1.0
PPH,49.44,976.0,BK,HM,1,RP,1.7,1.0
PPH,48.0,953.5,BK,HM,1,RP,2.41,0.62
HIPS,10.0,946.28,BK,X,1,RP,4.0,1.74
HIPS,10.4,953.9,BK,X,1,RP,3.9,1.76
HIPS,10.33,944.0,BK,X,1,RP,4.5,2.0
HIPS,10.2,928.46,BK,X,1,RP,5.34,1.72
HIPS,10.14,940.64,BK,X,1,RP,4.04,1.89
HIPS,8.5,956.02,BK,X,1,RP,4.0,1.59
-,10.33,947.0,BK,X,1,RP,4.5,2.0
PP,29.04,1191.0,BK,HM,1,RP,6.19,0.93
HIPS,5.6,977.46,BK,X,1,RP,5.64,1.24
HIPS,4.7,1025.0,BK,X,1,RP,6.0,1.01
HIPS,5.47,1001.0,BK,X,1,RP,5.8,1.0
HIPS,4.76,905.78,BK,X,1,RP,10.76,1.43
HIPS,4.79,862.0,BK,X,1,RP,10.9,1.0
HIPS,4.8,818.74,BK,X,1,RP,15.47,1.53
HIPS,8.46,999.4,BK,X,1,RP,4.7,1.88
HIPS,7.02,978.0,BK,X,1,RP,4.8,2.0
HIPS,7.2,954.08,BK,X,1,RP,3.2,1.97
HIPS,6.7,957.0,BK,X,1,RP,3.12,1.78
HIPS,5.3,1020.2,BK,X,1,RP,4.84,1.8
-,7.02,977.0,BK,X,1,RP,4.8,2.0
HIPS,8.8,907.78,BK,INJ,1,RP,6.3,1.68
-,49.41,976.0,BK,HM,1,RP,1.7,1.0
PP,2.5,680.25,BK,OFF,3,RP,0.42,10.9
PP,5.83,734.0,BK,OFF,1,RP,0.9,10.0
PP,4.12,740.8,BK,OFF,1,RP,0.75,11.51
PP,35.0,1111.0,BK,INJ,1,RP,5.1,0.92
PP,34.5,1113.0,BK,INJ,1,RP,5.0,1.0
HIPS,6.5,846.16,BK,INJ,1,RP,11.3,1.78
PP,34.0,1115.8,BK,INJ,1,RP,5.0,0.88
ABS,2.47,1421.8,MIX,X,E,RG,3.79,5.66
PPH,33.4,1233.0,BK,HM,1,RP,2.2,1.0
PPH,32.0,1233.2,BK,HM,1,RP,2.62,0.85
HIPS,2.7,1205.0,BK,X,1,RP,4.0,1.0
HIPS,2.25,1216.2,BK,X,1,RP,4.14,1.0
HIPS,2.8,1193.2,BK,X,1,RP,4.2,0.98
HIPS,6.53,1096.0,BK,X,1,RP,5.17,1.96
HIPS,7.25,1089.0,BK,X,1,RP,5.1,2.0
HIPS,7.63,1087.0,BK,X,1,RP,4.93,2.08
HIPS,7.8,1076.4,BK,X,1,RP,4.53,1.66
HIPS,7.16,1079.8,BK,X,1,RP,5.01,1.6
HIPS,8.0,1169.8,BK,X,1,RP,3.99,1.15
GPPS,5.8,1350.0,MIX,X,1,RP,0.4,1.0
GPPS,6.0,1314.6,MIX,X,1,RP,0.45,1.16
GPPS,12.0,1742.2,MIX,X,1,RP,0.73,0.52
PP,33.5,1208.2,BK,HM,1,RP,2.1,0.85
HIPS,11.73,1095.4,BK,X,1,RP,3.92,1.08
HIPS,8.94,1133.0,BK,X,1,RP,4.7,1.0
HIPS,12.7,1115.4,BK,X,1,RP,4.9,1.06
HIPS,9.3,1062.34,BK,X,1,RP,4.2,1.25
HIPS,9.61,1062.0,BK,X,1,RP,3.57,1.18
HIPS,5.506,1049.0,BK,X,1,RP,4.79,1.19
PP,27.26,1180.6,BK,HM,1,RP,3.42,0.82
PP,33.0,1139.16,BK,HM,1,RP,1.6,0.67
PP,33.0,1139.0,BK,HM,1,RP,1.6,1.0
PP,27.26,1181.0,BK,HM,1,RP,3.4,1.0
PP,31.4,1153.4,BK,HM,1,RP,2.89,0.95
PP,32.0,1141.0,BK,HM,1,RP,2.49,0.93
PP,7.6,726.78,BK,OFF,1,RP,0.45,10.5
TPO,22.0,660.06,BK,INJ,1,RP,19.7,5.1
TPO,24.17,704.0,BK,INJ,1,RP,19.2,5.0
TPO,20.0,675.76,BK,INJ,1,RP,19.2,4.4
TPO,28.0,776.56,BK,INJ,1,RP,19.9,4.89
HIPS,4.68,1069.8,BK,X,1,RP,5.85,1.32
HIPS,5.09,1012.0,BK,X,1,RP,5.5,1.0
HIPS,4.64,1039.8,BK,X,1,RP,5.7,1.36
HIPS,5.34,976.18,BK,X,1,RP,7.8,1.31
HIPS,4.73,949.8,BK,X,1,RP,4.2,1.57
HIPS,4.7,976.96,BK,X,1,RP,4.56,1.82
-,5.09,1029.0,BK,INJ,1,RP,5.5,1.0
ABS,3.37,1718.0,BK,INJ,1,RP,3.8,2.0
ABS,3.24,1617.0,BK,INJ,1,RP,3.3,2.0
ABS,3.44,1676.2,BK,INJ,1,RP,4.1,1.85
PP,29.7,1103.2,BK,HM,1,RP,2.66,1.08
PP,29.72,1124.2,BK,HM,1,RP,1.9,1.12
PP,13.0,1109.8,BK,INJ,1,RP,1.31,1.17
PP,18.01,1112.0,BK,INJ,1,RP,1.85,1.09
PP,34.0,1081.2,BK,HM,1,RP,1.89,1.1
PP,32.53,1087.0,BK,HM,1,RP,1.7,1.0
PP,32.8,1074.0,BK,HM,1,RP,1.73,0.92
PP,31.86,1080.4,BK,HM,1,RP,1.5,0.95
PP,30.0,1110.8,BK,HM,1,RP,2.03,0.94
PP,38.6,938.68,BK,HM,1,RP,0.64,1.89
PP,32.3,927.86,BK,HM,1,RP,0.82,1.89
PP,36.9,917.7,BK,HM,1,RP,1.21,2.02
PP,44.85,909.78,BK,HM,1,RP,1.44,1.98
PP,35.5,920.0,BK,HM,1,RP,1.4,2.0
PP,36.0,904.1,BK,HM,1,RP,1.57,1.74
PP,34.64,894.2,BK,HM,1,RP,1.8,1.9
PP,32.28,915.94,BK,HM,1,RP,1.28,2.12
PP,32.0,940.18,BK,HM,1,RP,1.33,1.53
-,35.52,933.0,BK,HM,1,RP,1.4,2.0
PP,25.0,1003.92,BK,INJ,1,RP,5.59,0.7
PP,27.7,1027.2,BK,INJ,1,RP,5.21,0.75
PP,29.0,932.02,BK,INJ,1,RP,5.76,1.72
HIPS,5.97,1037.28,BK,X,1,RP,5.3,1.39
HIPS,6.92,988.0,BK,X,1,RP,5.5,1.0
HIPS,6.53,1046.4,BK,X,1,RP,6.47,1.17
HIPS,8.9,980.24,BK,X,1,RP,6.6,1.15
HIPS,9.6,1042.6,BK,X,1,RP,7.24,1.42
HIPS,8.6,964.04,BK,X,1,RP,6.69,1.51
HIPS,6.5,911.04,BK,X,1,RP,6.31,1.41
HIPS,7.82,937.12,BK,X,1,RP,6.02,1.26
HIPS,6.32,1006.46,BK,X,1,RP,3.42,1.66
PP,29.0,1116.6,BK,HM,1,RP,6.9,0.87
PP,31.0,1174.2,BK,HM,T,RP,2.38,0.87
PP,34.0,1148.2,BK,HM,1,RP,2.44,0.69
PP,30.86,1174.0,BK,HM,2,RP,1.2,0.63
PP,29.8,1139.4,BK,HM,1,RP,2.1,0.71
HIPS,4.19,975.62,BK,X,1,RP,3.14,1.66
-,6.92,1021.0,-,-,-,-,5.5,1.0
PP,35.09,1084.0,BK,HM,1,RP,1.8,1.0
PP,39.0,1084.2,BK,HM,1,RP,1.4,0.83
HIPS,5.5,979.72,BK,X,1,RP,4.8,1.33
PP,29.0,1070.0,BK,HM,1,RP,2.93,0.93
PP,32.54,1068.0,BK,HM,1,RP,1.78,0.97
PP,33.82,1079.0,BK,HM,1,RP,1.9,1.0
PP,34.96,1090.8,BK,HM,1,RP,1.81,0.78
PP,32.2,1145.0,BK,HM,1,RP,2.16,0.95
PP,38.62,1213.0,BK,HM,1,RP,2.8,1.0
PP,52.12,1187.0,BK,HM,1,RP,2.12,0.6
HIPS,5.5,980.0,BK,X,1,RP,4.8,1.0
PP,29.64,972.84,BK,HM,1,RP,2.44,0.92
PP,29.36,944.0,BK,INJ,1,RP,6.6,2.0
PP,29.64,973.0,BK,HM,1,RP,2.4,1.0
PP,4.88,636.0,BK,INJ,1,RP,1.2,9.0
PP,4.86,636.33,BK,INJ,1,RP,1.41,8.83
HIPS,6.21,1027.0,BK,X,1,RP,7.2,1.0
HIPS,7.44,1053.0,BK,X,1,RP,6.46,0.98
PP,38.01,1110.0,BK,HM,1,RP,2.55,0.92
PP,38.01,1110.0,BK,HM,1,RP,2.5,1.0
PP,29.0,914.4,BK,INJ,1,RP,5.6,1.36
PP,8.8,904.27,BK,INJ,1,RP,5.2,1.07
PP,9.42,898.33,BK,INJ,1,RP,5.73,0.98
PP,27.9,831.02,BK,INJ,1,RP,4.62,1.18
PP,20.98,928.0,BK,INJ,1,RP,3.2,1.0
PP,20.2,918.34,BK,INJ,1,RP,3.88,1.14
PP,20.4,960.1,BK,INJ,1,RP,3.49,0.95
PP,19.96,951.2,BK,INJ,1,RP,3.18,1.1
PP,20.0,929.1,BK,INJ,1,RP,2.6,1.05
-,20.98,903.0,BK,INJ,1,RP,3.2,1.0
HIPS,3.8,857.26,BK,X,1,RP,5.19,1.84
HIPS,4.05,887.0,BK,X,1,RP,5.3,2.0
HIPS,3.76,891.88,BK,X,1,RP,5.11,1.51
HIPS,4.35,912.1,BK,X,1,RP,6.7,1.47
PP,25.0,1146.7,BK,INJ,1,RP,8.71,0.62
PP,33.0,1093.4,BK,HM,1,RP,2.48,0.75
PP,33.0,1093.0,BK,HM,1,RP,2.5,1.0
PP,29.2,1083.25,BK,INJ,1,RP,2.88,1.27
PP,27.9,1024.75,BK,INJ,1,RP,2.7,1.22
PP,25.6,1009.22,BK,INJ,1,RP,1.64,1.36
PP,27.5,1010.15,BK,INJ,1,RP,1.92,1.25
PP,26.6,1032.0,BK,INJ,1,RP,2.2,1.0
HIPS,2.1,1123.67,BK,X,1,RP,1.77,0.86
HIPS,2.95,1185.0,BK,X,1,RP,2.7,1.0
PP,31.0,829.52,BK,INJ,1,RP,4.1,1.09
HIPS,7.42,946.0,BK,X,1,RP,9.5,2.0
HIPS,7.66,918.44,BK,X,1,RP,10.4,1.8
HIPS,7.1,924.98,BK,X,1,RP,9.64,1.92
HIPS,7.5,935.02,BK,X,1,RP,9.58,1.9
HIPS,7.4,981.5,BK,X,1,RP,9.42,1.88
HIPS,6.75,952.48,BK,X,1,RP,7.81,2.054
HIPS,7.1,963.57,BK,X,1,RP,8.7,2.14
-,7.42,931.0,BK,X,1,RP,9.5,2.0
PP,32.0,1207.8,BK,HM,1,RP,2.65,0.76
PP,30.94,1173.0,BK,HM,1,RP,3.69,0.74
PP,24.4,820.03,BK,INJ,1,RP,3.03,1.08
HIPS,6.68,932.5,BK,X,1,RP,5.16,1.52
PP,21.31,1021.33,BK,INJ,1,RP,2.92,1.09
PP,23.3,1014.67,BK,INJ,1,RP,2.71,0.95
PP,21.2,1040.33,BK,INJ,1,RP,2.84,0.99
PP,23.2,994.87,BK,INJ,1,RP,2.61,1.06
PP,20.58,1007.2,BK,INJ,1,RP,2.64,1.09
PP,20.5,979.36,BK,INJ,1,RP,2.42,1.09
-,21.98,975.0,BK,INJ,1,RP,2.7,1.0
PP,21.98,975.0,MIX,INJ,R,RG,2.7,1.0
PP,38.2,1106.33,BK,HM,1,RP,2.91,0.73
TPO,24.1,717.45,BK,INJ,1,RP,15.99,6.66
TPO,26.01,713.03,BK,INJ,1,RP,16.86,6.28
TPO,26.44,724.0,BK,INJ,1,RP,17.8,6.0
TPO,29.79,740.78,BK,INJ,1,RP,21.72,6.34
PP,22.2,906.5,BK,INJ,1,RP,6.35,0.84
PP,23.4,919.5,BK,INJ,1,RP,5.48,0.92
PP,32.5,895.7,BK,HM,1,RP,4.6,0.9
PP,28.79,906.03,BK,INJ,1,RP,5.1,1.07
PP,31.2,948.72,BK,HM,1,RP,4.73,1.05
PP,27.3,958.06,BK,INJ,1,RP,4.53,0.88
PP,31.4,932.33,BK,HM,1,RP,4.67,0.97
PP,32.0,826.95,BK,INJ,1,RP,1.5,1.16
PP,34.32,1097.5,BK,HM,1,RP,3.37,0.74
HIPS,5.65,1042.0,BK,X,1,RP,5.51,1.18
HIPS,6.09,1041.0,BK,X,1,RP,4.6,1.0
HIPS,5.7,1010.25,BK,X,1,RP,5.68,1.18
HIPS,5.64,1060.2,BK,X,1,RP,5.1,1.02
-,6.09,1036.0,BK,X,1,RP,4.6,1.0
PP,34.32,1098.0,BK,HM,1,RP,3.4,1.0
