Items,melt,flex,COULEUR,I_CM,I_G,I_F,cendre,I1
HIPS,5.0,279654.0,BK,INJ,1,RP,5.0,1.6
HIPS,4.6,296303.0,BK,EXT,1,RP,0.38,1.56
HIPS,4.53,296453.0,BK,EXT,1,RP,2.5,2.0
HIPS,5.0,296603.0,BK,EXT,1,RP,4.6,1.5
HIPS,5.6,288474.0,BK,INJ,1,RP,8.0,0.9
HIPS,5.0,302650.0,BK,INJ,1,RP,5.0,1.2
HIPS,5.13,295562.0,BK,INJ,1,RP,6.5,1.0
HIPS,5.75,304396.0,BK,INJ,1,RP,1.8,1.0
HIPS,5.7,296443.0,BK,INJ,1,RP,1.8,1.2
HIPS,5.75,296308.0,BK,INJ,1,RP,3.1,1.0
HIPS,5.0,296173.0,BK,INJ,1,RP,4.5,1.1
HIPS,4.8,284618.0,BK,OFF,1,RP,4.0,1.6
HIPS,6.85,284618.0,BK,OFF,1,RP,3.2,2.0
HIPS,6.0,273080.0,BK,INJ,1,RP,4.8,1.6
HIPS,7.0,270169.0,BK,X,1,RP,3.3,1.7
HIPS,6.75,262866.0,BK,X,1,RP,3.1,1.0
PP,20.83,137263.0,BK,INJ,1,RP,4.1,1.0
PPH,35.0,136263.0,BK,HM,1,RP,3.0,0.5
PPH,38.0,138262.0,BK,HM,1,RP,3.0,0.5
PP,30.0,133993.0,BK,INJ,1,RP,1.5,3.0
PP,13.0,144341.0,BK,INJ,1,RP,2.0,4.0
PP,17.86,139080.0,BK,INJ,1,RP,2.3,3.0
PP,13.0,133818.0,BK,INJ,1,RP,1.9,1.9
PP,30.0,102899.0,BK,INJ,1,RP,6.0,3.0
PP,27.5,137820.0,BK,INJ,1,RP,5.6,1.0
PP,28.0,137820.0,BK,INJ,1,RP,8.0,1.3
-,35.0,164600.0,BK,INJ,1,RP,3.2,0.6
PP,36.0,178832.0,BK,INJ,1,RP,3.0,0.8
PP,29.33,179144.0,BK,INJ,1,RP,3.3,1.0
PP,28.0,179456.0,BK,INJ,1,RP,3.5,0.8
PP,22.0,151640.0,BK,INJ,1,RP,2.9,1.2
PP,25.58,165111.0,BK,INJ,1,RP,5.8,1.0
PP,23.0,168705.0,BK,INJ,1,RP,3.3,1.3
PP,27.0,151000.0,BK,INJ,1,RP,2.3,1.0
PP,37.0,142790.0,BK,INJ,1,RP,1.0,0.63
PP,34.0,110877.0,BK,INJ,1,RP,0.6,1.1
PP,32.77,126428.0,BK,INJ,1,RP,0.6,1.0
PP,37.0,108471.0,BK,INJ,1,RP,0.5,1.2
PP,32.0,126083.0,BK,INJ,1,RP,0.6,1.1
PP,30.0,131859.0,BK,INJ,1,RP,0.5,1.2
PP,40.0,132918.0,BK,INJ,1,RP,0.7,1.2
PP,30.0,137743.0,BK,INJ,1,RP,0.5,1.3
HIPS,5.0,296951.0,BK,X,1,RP,3.4,1.0
HIPS,5.4,293880.0,BK,X,1,RP,2.1,0.76
HIPS,5.38,283013.0,BK,X,1,RP,2.4,1.0
HIPS,6.8,276448.0,BK,X,1,RP,2.5,1.1
HIPS,5.0,274521.0,BK,X,1,RP,2.0,0.9
HIPS,8.0,273841.0,BK,X,1,RP,2.1,1.1
-,5.38,287859.0,BK,X,1,RP,2.4,1.0
PP,24.38,149635.0,BK,INJ,1,RP,3.7,1.0
PP,23.0,156664.0,BK,INJ,1,RP,3.5,1.4
PP,30.0,145800.0,BK,INJ,1,RP,3.4,1.3
PP,28.0,119000.0,BK,INJ,1,RP,1.4,1.3
PP,27.11,128694.0,BK,INJ,1,RP,2.6,1.0
PP,23.0,121000.0,BK,INJ,1,RP,1.3,1.4
PP,26.0,133349.0,BK,INJ,1,RP,5.3,1.1
PP,22.0,141425.0,BK,INJ,1,RP,8.0,1.1
PP,36.0,153109.0,BK,INJ,1,RP,1.6,1.0
PPH,29.0,173000.0,BK,INJ,1,RP,0.8,0.5
PPH,31.57,171000.0,BK,INJ,1,RP,0.7,1.0
PPH,32.0,169000.0,BK,INJ,1,RP,0.6,0.5
PPH,40.0,134069.0,BK,HM,1,RP,2.2,0.7
PPH,42.17,145976.0,BK,HM,1,RP,2.1,1.0
PPH,39.0,157883.0,BK,HM,1,RP,2.0,1.3
PP,25.0,118077.0,BK,INJ,1,RP,1.1,1.4
PP,27.4,115939.0,BK,INJ,1,RP,1.2,1.0
PP,25.0,113800.0,BK,INJ,1,RP,1.0,1.2
PP,25.0,133156.0,BK,INJ,1,RP,2.6,1.0
PP,25.0,133156.0,BK,INJ,1,RP,2.6,1.4
PP,30.0,119483.0,BK,INJ,1,RP,1.8,1.3
PP,28.86,118168.0,BK,INJ,1,RP,1.6,1.0
PP,28.0,116853.0,BK,INJ,1,RP,1.6,1.4
PPH,33.0,129000.0,BK,INJ,1,RP,3.8,1.0
PPH,30.0,178280.0,BK,HM,1,RP,1.1,0.7
PPH,25.0,143631.0,BK,HM,1,RP,1.3,0.6
PS,5.08,325383.0,MIX,X,1,RP,0.2,1.0
PS,6.7,354000.0,MIX,X,1,RP,0.1,0.6
PPH,45.0,163000.0,BK,HM,1,RP,2.0,0.6
PPH,45.0,162666.0,BK,HM,1,RP,1.8,1.0
PPH,40.0,162332.0,BK,HM,1,RP,1.7,0.7
PPH,35.0,166479.0,BK,HM,1,RP,2.8,0.5
PPH,38.0,162992.0,BK,HM,1,RP,2.4,0.6
HIPS,6.17,307000.0,BK,X,1,RP,4.2,1.0
-,6.15,307000.0,BK,X,1,RP,4.1,1.0
PP,26.0,135453.0,BK,INJ,1,RP,3.1,1.1
PP,28.0,146000.0,BK,INJ,1,RP,1.9,1.0
PPH,30.0,162977.0,BK,HM,1,RP,3.1,0.6
-,27.0,135453.0,BK,INJ,1,RP,2.5,1.0
PPH,44.0,178000.0,BK,HM,1,RP,2.6,0.5
PPH,45.0,166073.0,BK,HM,1,RP,3.0,1.0
PPH,53.0,153000.0,BK,HM,1,RP,3.2,0.5
PPH,40.0,167218.0,BK,HM,1,RP,3.1,0.6
HIPS,7.1,258997.0,BK,EXT,1,RG,4.0,1.9
HIPS,8.3,258997.0,BK,EXT,1,RG,3.9,2.0
HIPS,7.0,281994.0,BK,X,1,RP,3.1,1.2
HIPS,6.2,276960.0,BK,X,1,RP,3.2,1.0
HIPS,6.5,271926.0,BK,X,1,RP,3.0,1.5
-,6.2,276960.0,BK,X,1,RP,3.2,1.0
PP,38.0,160178.0,BK,INJ,1,RP,2.6,1.0
HIPS,6.6,304011.0,BK,INJ,1,RP,3.6,1.3
PP,27.0,152763.0,BK,INJ,1,RP,2.1,1.0
PP,27.0,152763.0,BK,INJ,1,RP,2.1,1.2
PPH,36.0,163964.0,BK,HM,1,RP,1.6,0.8
PPH,38.0,151377.0,BK,HM,1,RP,1.8,0.8
PPH,38.0,156936.0,BK,HM,1,RP,1.7,1.0
PPH,38.0,155467.0,BK,HM,1,RP,1.8,0.8
PP,23.0,136901.0,BK,INJ,1,RP,1.4,1.2
PP,24.62,137309.0,BK,INJ,1,RP,2.4,1.0
PP,26.0,133698.0,BK,INJ,1,RP,3.0,1.6
PP,23.0,141748.0,BK,INJ,1,RP,2.0,1.28
PP,26.0,137792.0,BK,INJ,1,RP,3.0,1.3
PP,27.0,114478.0,BK,INJ,1,RP,2.8,1.16
PPH,42.0,154285.0,BK,INJ,1,RP,0.43,0.45
PP,27.0,127701.0,BK,INJ,1,RP,1.8,1.3
PP,28.44,130063.0,BK,INJ,1,RP,1.8,1.0
PP,26.0,128281.0,BK,INJ,1,RP,1.6,1.3
PP,29.0,130300.0,BK,INJ,1,RP,1.7,1.42
PP,30.0,133969.0,BK,INJ,1,RP,2.0,1.3
PP,27.0,154223.0,BK,INJ,1,RP,3.2,1.0
PP,5.4,183138.0,MIX,INJ,E,RG,3.0,1.92
PPH,38.0,186869.0,BK,INJ,1,RP,2.0,1.2
PPH,40.0,177507.0,BK,HM,1,RP,3.1,0.6
PPH,43.0,164094.0,BK,HM,1,RP,2.8,0.49
PPH,44.0,177593.0,BK,HM,1,RP,2.9,0.5
PP,19.0,218268.0,BK,INJ,1,RP,13.0,1.0
PP,20.5,215613.0,BK,INJ,1,RP,11.1,1.0
PP,23.0,213409.0,BK,INJ,1,RP,12.0,1.0
PP,20.0,211455.0,BK,INJ,1,RP,11.0,1.0
PP,22.0,212381.0,BK,INJ,1,RP,12.0,0.76
PP,20.0,222551.0,BK,INJ,1,RP,10.0,0.8
PP,26.0,145047.0,BK,INJ,1,RP,3.2,1.1
PP,25.5,147497.0,BK,INJ,1,RP,2.4,1.0
PP,28.0,153027.0,BK,INJ,1,RP,3.3,1.0
PP,24.3,169262.0,BK,INJ,1,RP,2.4,1.0
PP,27.0,194632.9,BK,INJ,1,RP,2.8,1.5
PP,20.0,192186.6,BK,INJ,1,RP,3.0,1.0
PP,8.0,188602.0,BK,OFF,1,RP,2.3,1.91
PP,8.49,181370.0,BK,OFF,1,RP,2.3,2.0
PPH,36.0,188741.7,BK,HM,1,RP,3.5,0.45
PP,25.0,141245.0,BK,INJ,1,RP,1.6,1.0
-,25.0,144393.0,BK,INJ,1,RP,1.6,1.0
PP,25.0,149686.0,BK,INJ,1,RP,1.4,1.2
PP,26.46,115370.0,BK,INJ,1,RP,1.7,8.0
PP,27.0,124202.0,BK,INJ,1,RP,1.1,7.91
PP,22.0,111832.5,BK,INJ,1,RP,1.4,10.76
PP,25.0,120514.0,BK,INJ,1,RP,2.2,10.49
PP,29.0,112932.0,BK,INJ,1,RP,1.8,8.3
PP,27.0,97751.2,BK,INJ,1,RP,1.6,8.0
-,27.0,120384.0,BK,INJ,1,RP,1.8,9.0
HIPS,5.9,283356.0,BK,X,S,RP,5.8,1.0
PP,26.0,160084.0,MIX,INJ,E,RG,1.3,1.0
PP,24.0,164789.0,BK,INJ,1,RP,1.4,1.15
HIPS,8.0,296102.0,BK,X,S,RP,3.5,1.58
HIPS,5.29,296538.0,BK,X,S,RP,3.3,2.0
HIPS,4.0,296974.0,BK,X,S,RP,3.0,1.46
PP,25.0,113928.0,BK,INJ,1,RP,1.2,11.41
PP,15.0,132327.0,BK,INJ,1,RP,1.2,9.3
PP,17.0,131853.0,BK,INJ,1,RP,1.5,7.3
HIPS,9.9,309276.0,BK,X,1,RP,3.3,1.83
HIPS,8.81,309501.0,BK,X,1,RP,3.2,2.0
-,28.0,150288.0,BK,INJ,1,RP,1.2,1.2
PPH,25.0,187937.0,BK,HM,1,RP,2.3,0.73
PPH,29.09,191623.0,BK,HM,1,RP,1.9,1.0
PPH,27.0,183582.0,BK,HM,1,RP,2.4,0.75
PPH,35.0,203351.0,BK,HM,1,RP,1.7,0.46
PP,30.0,126713.0,BK,INJ,1,RP,2.8,1.49
PP,30.0,129833.8,BK,INJ,1,RP,2.6,1.2
PP,27.86,138425.0,BK,INJ,1,RP,2.0,1.0
PP,28.0,130579.1,BK,INJ,1,RP,2.5,1.2
PP,30.0,143729.1,BK,INJ,1,RP,1.5,1.07
PP,26.0,149559.0,BK,INJ,1,RP,1.9,1.2
PP,42.0,141262.4,BK,HM,1,RP,1.8,0.95
PP,37.0,151800.0,BK,HM,1,RP,1.6,1.0
PP,38.0,149500.0,BK,HM,1,RP,1.3,1.05
PP,37.59,147584.0,BK,HM,1,RP,1.4,1.0
PP,38.0,146293.0,BK,HM,1,RP,1.3,1.1
PP,41.0,149063.0,BK,HM,1,RP,1.1,1.0
-,37.59,141262.0,BK,HM,1,RP,1.4,1.0
PP,42.0,147801.0,BK,HM,1,RP,2.2,0.8
PP,40.5,154274.0,BK,HM,1,RP,1.8,1.0
PP,40.0,147983.0,BK,HM,1,RP,2.0,1.1
PP,40.0,167037.9,BK,HM,1,RP,1.5,1.18
PP,40.0,151480.7,BK,HM,1,RP,0.8,1.4
PP,42.6,149060.0,BK,HM,1,RP,0.9,1.0
PP,47.0,145364.0,BK,HM,1,RP,1.0,1.22
PP,38.0,151500.0,BK,HM,1,RP,1.0,1.3
PP,32.0,150081.4,BK,HM,1,RP,1.1,1.4
PP,36.0,127915.0,BK,INJ,1,RP,3.8,1.0
PPH,42.0,218233.7,BK,HM,1,RP,1.8,0.4
PPH,40.0,211723.6,BK,HM,1,RP,1.4,0.5
PPH,60.0,228613.6,BK,HM,1,RP,1.1,0.5
PP,40.0,144399.0,BK,INJ,1,RP,0.8,1.1
PP,38.0,129964.0,BK,INJ,1,RP,1.4,1.15
PP,20.0,147300.5,MIX,INJ,E,RG,0.8,0.82
PP,34.0,132945.0,BK,INJ,1,RP,2.8,1.03
HIPS,4.3,306936.1,BK,X,1,RP,5.0,1.6
HIPS,4.49,300321.0,BK,X,1,RP,3.7,2.0
HIPS,4.3,310734.0,BK,X,1,RP,5.2,1.6
HIPS,5.0,297997.9,BK,X,1,RP,3.8,1.48
HIPS,4.4,281275.0,BK,X,1,RP,4.0,1.6
HIPS,4.4,316697.0,BK,X,1,RP,3.0,1.5
HIPS,4.4,286244.0,BK,X,1,RP,4.0,1.54
HIPS,4.4,306936.1,BK,X,1,RP,3.6,1.3
HIPS,4.6,310124.5,BK,X,1,RP,3.9,1.54
HIPS,4.49,292798.0,MIX,-,1,RG,3.7,2.0
HIPS,4.49,298789.0,BK,-,1,RP,3.7,2.0
-,4.49,298789.0,BK,X,1,RP,3.7,2.0
PP,34.0,184697.0,BK,HM,1,RP,2.2,1.1
PP,36.17,179595.0,BK,HM,1,RP,1.9,1.0
PP,35.0,174982.4,BK,HM,1,RP,1.9,1.14
PP,38.0,179637.0,BK,HM,1,RP,2.0,1.15
PP,37.0,179062.2,BK,HM,1,RP,1.6,1.02
PP,45.0,142329.0,BK,HM,1,RP,1.7,1.2
PP,46.78,136380.0,BK,HM,1,RP,1.7,1.0
PP,51.0,140507.0,BK,HM,1,RP,2.0,1.3
PP,40.0,135286.9,BK,HM,1,RP,1.8,1.4
PP,48.0,128437.0,BK,HM,1,RP,1.7,1.3
-,46.78,139393.0,BK,HM,1,RP,1.7,1.0
HIPS,4.6,304394.5,BK,INJ,1,RP,3.0,1.6
HIPS,3.3,323026.0,BK,X,1,RP,9.6,1.29
HIPS,4.1,324087.0,BK,X,1,RP,8.9,1.0
HIPS,4.4,325147.0,BK,X,1,RP,8.2,1.2
HIPS,6.8,278800.0,BK,X,S,RP,3.8,1.5
HIPS,6.91,268566.0,BK,X,S,RP,3.4,2.0
HIPS,7.0,258331.0,BK,X,S,RP,3.1,1.7
PP,44.0,112737.0,BK,INJ,1,RP,3.2,1.51
PP,40.0,156338.6,BK,INJ,1,RP,2.4,1.0
PP,18.0,132115.0,BK,INJ,1,RP,1.5,1.0
PP,22.25,123118.0,BK,INJ,1,RP,1.6,7.0
PP,22.0,124036.0,BK,INJ,1,RP,2.3,8.54
PP,25.0,123635.0,BK,INJ,1,RP,1.8,8.15
PP,24.0,132340.5,BK,INJ,1,RP,2.8,7.5
PP,25.0,108710.6,BK,INJ,1,RP,1.7,8.43
PP,25.0,121842.0,BK,INJ,1,RP,1.4,7.51
PP,30.0,147834.2,BK,INJ,1,RP,2.9,1.49
PP,30.0,147834.0,BK,INJ,1,RP,2.9,1.0
PP,24.33,148212.0,BK,INJ,1,RP,1.4,1.0
PP,25.0,140131.2,BK,INJ,1,RP,1.5,1.38
PP,25.0,142577.5,BK,INJ,1,RP,1.4,1.3
HIPS,5.0,313358.8,BK,INJ,1,RP,3.9,1.45
PP,25.0,145806.0,BK,INJ,1,RP,1.2,1.57
PP,24.14,150048.0,BK,INJ,1,RP,1.3,1.0
PP,23.0,162819.0,BK,INJ,1,RP,1.2,1.14
PP,25.0,142815.6,BK,INJ,1,RP,1.3,1.29
PP,25.0,148749.5,BK,INJ,1,RP,1.3,1.4
PP,25.0,145935.3,MIX,INJ,E,RG,2.0,1.2
PP,34.0,134242.6,BK,INJ,1,RP,4.7,1.69
PP,34.0,136648.1,BK,INJ,1,RP,5.2,1.75
PP,45.0,160077.0,BK,HM,1,RP,1.8,1.0
PP,41.23,157374.0,BK,HM,1,RP,1.8,1.0
PP,48.0,158168.0,BK,HM,1,RP,1.7,1.0
PP,41.0,164808.3,BK,HM,1,RP,1.7,1.1
PP,36.0,129096.0,BK,INJ,1,RP,3.3,1.69
PP,23.0,114752.7,BK,INJ,1,RP,1.5,7.5
-,22.25,125154.0,BK,INJ,1,RP,1.6,7.0
PP,48.0,197448.3,BK,HM,1,RP,1.2,0.6
PP,45.5,199877.0,BK,HM,1,RP,1.5,1.0
PP,53.0,194497.8,BK,HM,1,RP,0.82,0.6
PP,43.0,203780.0,BK,HM,1,RP,1.8,0.6
PPH,41.0,165518.4,BK,HM,1,RP,2.3,0.6
PPH,45.3,160636.0,BK,HM,1,RP,2.6,1.0
PPH,58.0,165281.6,BK,HM,1,RP,2.0,0.6
PP,32.0,158604.8,BK,INJ,1,RP,1.2,1.4
HIPS,8.5,306365.0,BK,X,1,RP,3.5,2.0
HIPS,7.0,309373.2,BK,X,1,RP,3.6,1.98
HIPS,7.0,304719.7,BK,X,1,RP,3.4,1.6
PPH,25.0,242354.1,BK,INJ,1,RP,0.7,0.6
PPH,30.0,237361.0,BK,INJ,1,RP,1.5,1.0
PPH,27.0,237892.0,BK,INJ,1,RP,1.4,0.6
PPH,28.0,235033.9,BK,INJ,1,RP,1.3,0.6
PP,48.0,181073.2,BK,INJ,1,RP,3.1,0.54
PP,48.0,181073.0,BK,INJ,1,RP,3.1,1.0
PP,35.0,184870.2,BK,INJ,1,RP,2.3,1.0
PP,35.0,144381.5,BK,INJ,1,RP,3.1,1.1
PP,35.0,144382.0,BK,INJ,1,RP,3.1,1.0
HIPS,7.8,301238.0,BK,X,S,RP,2.9,1.6
HIPS,6.9,300570.0,BK,X,S,RP,2.3,2.0
HIPS,7.4,299901.0,BK,X,S,RP,2.1,1.7
HIPS,8.4,267689.3,BK,X,S,RP,6.1,2.15
HIPS,7.88,265735.0,BK,X,S,RP,5.0,2.0
HIPS,8.3,276093.7,BK,X,S,RP,5.9,1.84
HIPS,7.8,239615.6,BK,X,S,RP,6.0,1.9
HIPS,7.6,279539.5,BK,X,S,RP,5.6,2.04
-,7.88,271892.0,BK,X,S,RP,5.0,2.0
PS,5.2,372873.0,MIX,X,V,RP,0.1,1.0
PS,5.2,372872.5,MIX,X,V,RP,0.1,1.02
PS,5.2,372873.0,MIX,X,2,RP,0.1,1.0
PP,36.0,180457.5,BK,HM,1,RP,2.9,1.2
PP,40.6,187286.0,BK,HM,1,RP,2.7,1.0
PP,42.0,182123.3,BK,HM,1,RP,3.0,1.3
PP,50.0,199276.4,BK,HM,1,RP,1.8,1.2
HIPS,3.0,332816.4,BK,X,1,RP,4.9,1.6
HIPS,5.82,339111.0,BK,X,1,RP,4.5,1.0
HIPS,3.0,340368.8,BK,X,1,RP,4.3,1.3
-,5.82,340073.0,BK,X,1,RP,4.5,1.0
PP,30.0,177793.7,BK,HM,1,RP,2.0,1.2
PP,28.0,175111.7,BK,HM,1,RP,1.6,0.9
PP,39.8,170206.0,BK,HM,1,RP,1.3,1.0
PP,26.0,164948.7,BK,HM,1,RP,1.2,0.94
PP,53.0,169463.0,BK,HM,1,RP,1.0,0.98
PP,47.0,165023.0,BK,HM,1,RP,0.75,0.9
PP,35.0,172756.3,BK,HM,1,RP,1.7,1.2
PP,37.0,185389.6,BK,INJ,1,RP,8.0,2.02
PP,18.0,160449.0,BK,INJ,1,RP,6.8,2.4
PP,16.0,160115.0,BK,INJ,1,RP,6.8,3.0
PP,23.14,158081.0,BK,INJ,1,RP,7.4,3.0
PP,20.0,157068.4,BK,INJ,1,RP,7.3,4.0
PP,30.0,135959.3,BK,INJ,1,RP,6.0,3.9
PP,27.0,154336.2,BK,INJ,1,RP,10.0,2.6
PP,24.0,154517.7,BK,INJ,1,RP,7.6,2.8
PP,24.0,179476.3,BK,INJ,1,RP,6.6,3.4
PP,24.0,153356.7,BK,INJ,1,RP,6.7,3.6
-,23.14,152560.0,BK,INJ,1,RP,7.4,3.0
PP,31.0,137826.8,BK,INJ,1,RP,2.6,1.3
PP,35.0,145226.0,BK,INJ,1,RP,3.0,1.1
PP,19.83,154191.0,BK,INJ,1,RP,1.4,1.0
PP,19.0,156017.0,BK,INJ,1,RP,0.8,1.3
PP,20.0,138932.6,BK,INJ,1,RP,1.6,1.4
PP,21.0,168819.4,BK,INJ,1,RP,1.4,1.4
PP,30.0,125242.7,BK,INJ,1,RP,2.0,1.31
HIPS,6.3,304699.9,BK,X,S,RP,2.5,2.0
HIPS,6.3,305201.0,BK,X,S,RP,2.2,2.0
HIPS,6.2,305702.3,BK,X,S,RP,1.9,2.1
PP,34.0,184528.7,BK,INJ,1,RP,4.6,0.8
PP,34.0,184529.0,BK,INJ,1,RP,4.6,1.0
PP,35.0,138971.0,BK,INJ,1,RP,1.6,1.0
PP,37.44,185176.0,BK,HM,1,RP,1.5,1.0
PP,40.0,189136.0,BK,HM,1,RP,1.4,1.1
PPH,28.0,167811.2,BK,HM,1,RP,2.2,0.56
PPH,40.0,178778.2,BK,HM,1,RP,1.1,0.6
PPH,45.71,182411.0,BK,HM,1,RP,1.9,1.0
PPH,42.0,177212.3,BK,HM,1,RP,1.8,0.6
PPH,40.0,190751.6,BK,HM,1,RP,2.4,0.6
PPH,53.0,182901.8,BK,HM,1,RP,1.6,0.48
PP,13.0,201821.9,BK,INJ,1,RP,10.0,0.73
PP,16.0,215947.1,BK,INJ,1,RP,9.2,0.75
PP,19.0,209172.8,BK,INJ,1,RP,9.8,0.71
PP,18.88,212244.0,BK,INJ,1,RP,9.9,1.0
PP,21.0,215796.8,BK,INJ,1,RP,10.0,0.7
PP,21.0,216861.5,BK,INJ,1,RP,10.0,0.8
PP,20.0,215607.1,BK,INJ,1,RP,10.0,0.9
PP,18.0,210500.3,BK,INJ,1,RP,9.7,0.79
PP,30.0,146498.5,BK,INJ,1,RP,2.6,1.2
PP,41.0,144144.5,BK,INJ,1,RP,1.8,0.87
PP,40.0,188009.3,BK,INJ,1,RP,4.5,1.09
PPH,35.0,161269.6,BK,HM,1,RP,2.0,0.8
PPH,37.6,168261.0,BK,HM,1,RP,2.0,1.0
PPH,38.0,180663.5,BK,HM,1,RP,2.2,0.7
PPH,38.0,187099.4,BK,HM,1,RP,2.3,0.6
PPH,36.0,151572.5,BK,HM,1,RP,1.7,0.72
PPH,41.0,160698.3,BK,HM,1,RP,2.0,0.6
HIPS,3.6,234630.8,BK,X,1,RP,1.5,1.6
HIPS,4.33,263120.0,BK,X,1,RP,2.5,2.0
PPH,42.0,210254.0,BK,HM,1,RP,2.0,0.7
PPH,41.5,205542.0,BK,HM,1,RP,2.3,1.0
PPH,40.0,206066.0,BK,HM,1,RP,2.3,0.6
PPH,56.0,218495.6,BK,HM,1,RP,2.5,0.4
HIPS,4.4,294444.4,BK,X,1,RP,5.0,1.5
HIPS,4.44,293874.0,BK,X,1,RP,5.2,2.0
HIPS,4.7,284321.9,BK,X,1,RP,5.2,1.6
HIPS,4.5,313530.8,BK,X,1,RP,5.1,1.5
HIPS,4.6,281056.2,BK,X,1,RP,5.1,1.5
HIPS,4.0,296014.8,BK,X,1,RP,5.4,1.49
PP,24.0,146675.3,BK,INJ,1,RP,2.8,4.8
PP,20.14,140729.0,BK,INJ,1,RP,1.8,2.0
PP,25.0,143485.4,BK,INJ,1,RP,2.3,2.0
PP,25.0,153770.7,BK,INJ,1,RP,2.2,0.93
PP,29.0,146864.0,BK,INJ,1,RP,1.8,2.0
PP,30.0,145010.4,BK,INJ,1,RP,1.8,1.6
PP,30.0,146286.6,BK,INJ,1,RP,1.7,1.5
PP,29.0,145507.5,BK,INJ,1,RP,1.6,2.0
PP,27.25,129270.0,BK,INJ,1,RP,4.2,2.0
PP,38.0,175040.9,BK,INJ,1,RP,3.1,1.3
PP,40.38,163756.0,BK,INJ,1,RP,2.5,1.0
PP,36.0,181182.9,BK,INJ,1,RP,2.9,1.07
PP,45.0,159679.8,BK,INJ,1,RP,2.7,1.2
PP,40.0,160732.7,BK,INJ,1,RP,2.2,1.2
PP,40.0,156544.4,BK,INJ,1,RP,2.3,1.3
PP,36.0,160977.8,BK,INJ,1,RP,2.6,1.3
PP,45.0,152136.0,BK,INJ,1,RP,2.3,1.0
PP,26.0,172247.1,BK,INJ,1,RP,2.1,1.16
PP,32.0,187894.0,BK,INJ,1,RP,1.5,1.0
PP,38.0,181401.0,BK,INJ,1,RP,1.1,0.5
PP,34.0,217088.8,BK,INJ,1,RP,1.6,0.6
-,32.67,172247.0,BK,INJ,1,RP,1.6,1.0
PP,35.0,169294.8,BK,INJ,1,RP,2.5,1.1
PP,28.0,152128.0,BK,HM,1,RP,0.8,1.0
PP,35.69,149707.0,BK,HM,1,RP,1.2,1.0
PP,22.0,152617.0,BK,HM,1,RP,0.8,1.0
PP,32.0,144549.0,BK,HM,1,RP,1.6,1.0
PP,38.0,141990.0,BK,HM,1,RP,1.0,1.11
PP,36.0,143095.0,BK,HM,1,RP,1.0,1.15
PP,40.0,144331.0,BK,HM,1,RP,1.3,1.2
PP,38.0,153613.6,BK,HM,1,RP,1.0,1.2
PP,43.0,142449.0,BK,HM,1,RP,0.8,1.0
PP,39.0,153107.0,BK,HM,1,RP,2.4,0.8
PP,21.0,146894.0,BK,INJ,1,RP,1.8,1.5
PP,26.0,150093.0,BK,INJ,1,RP,1.5,1.2
PP,25.3,146548.0,BK,INJ,1,RP,1.8,1.0
PP,30.67,239831.0,BK,INJ,1,RP,1.0,1.0
PP,35.0,224244.2,BK,INJ,1,RP,1.0,0.6
PP,32.0,121733.4,BK,INJ,1,RP,1.6,1.0
PPH,31.0,172752.0,BK,HM,1,RP,2.1,0.52
PPH,38.0,184472.7,BK,HM,1,RP,2.5,0.46
PPH,37.0,172856.0,BK,HM,1,RP,2.4,0.5
PPH,46.0,168974.3,BK,HM,1,RP,0.8,0.41
HIPS,4.0,245719.7,BK,X,1,RP,5.0,1.6
HIPS,4.2,260228.0,BK,X,1,RP,5.7,1.0
HIPS,4.6,256832.0,BK,X,1,RP,5.1,1.5
HIPS,4.2,255588.2,BK,X,1,RP,5.0,1.3
HIPS,4.3,255588.2,BK,X,1,RP,5.8,1.47
HIPS,4.4,263801.0,BK,X,1,RP,3.0,1.4
HIPS,3.7,283840.3,BK,X,1,RP,10.0,1.2
PPH,44.0,145952.1,BK,HM,1,RP,2.9,0.41
PPH,48.0,167489.1,BK,HM,1,RP,2.6,0.51
PPH,40.0,146175.2,BK,HM,1,RP,2.6,0.6
PPH,62.0,148231.0,BK,HM,1,RP,2.4,0.8
PPH,51.0,164384.5,BK,HM,1,RP,1.6,0.47
PPH,45.0,149250.0,BK,HM,1,RP,1.6,0.49
HIPS,8.2,259934.0,BK,HM,S,RP,4.6,1.6
HIPS,7.89,274145.0,BK,HM,S,RP,3.2,1.0
HIPS,8.4,257704.0,BK,HM,S,RP,3.1,1.68
HIPS,8.6,256363.0,BK,HM,S,RP,3.3,1.6
HIPS,7.4,256530.0,BK,HM,S,RP,3.2,1.5
HIPS,7.6,253342.0,BK,HM,S,RP,3.7,1.6
HIPS,7.7,298189.7,BK,HM,S,RP,2.2,1.37
HIPS,7.5,298749.0,BK,HM,S,RP,2.1,1.42
HIPS,7.0,296191.7,BK,HM,S,RP,2.4,1.43
HIPS,7.2,297012.0,BK,HM,S,RP,2.2,0.9
-,8.02,257231.0,BK,HM,S,RP,3.4,2.0
HIPS,4.6,251915.2,BK,INJ,1,RP,4.6,1.4
HIPS,5.5,272348.0,BK,X,1,RP,2.6,1.94
HIPS,5.58,316464.0,BK,X,1,RP,3.1,2.0
HIPS,5.5,270396.0,BK,X,1,RP,2.9,1.9
HIPS,5.5,314518.9,BK,X,1,RP,4.2,1.86
HIPS,5.5,309813.0,BK,X,1,RP,3.0,1.95
HIPS,5.0,314493.7,BK,X,1,RP,2.4,2.01
HIPS,5.5,320875.6,BK,X,1,RP,3.0,1.71
HIPS,5.9,331625.3,BK,X,1,RP,2.4,1.63
HIPS,5.5,324537.1,BK,X,1,RP,2.9,1.7
PP,35.0,148062.0,BK,INJ,1,RP,1.9,1.0
PPH,42.0,143971.5,BK,HM,1,RP,2.4,0.48
PPH,41.25,142170.0,BK,HM,1,RP,2.4,1.0
PPH,37.0,138484.6,BK,HM,1,RP,2.1,0.94
PPH,37.25,152574.0,BK,HM,1,RP,2.0,1.0
PPH,34.0,144981.5,BK,HM,1,RP,2.0,0.79
PPH,41.0,163354.3,BK,HM,1,RP,1.8,0.62
PP,31.0,152681.7,BK,INJ,1,RP,2.0,1.03
PS,5.3,345601.7,MIX,X,1,RP,0.4,0.98
PS,4.47,359662.0,MIX,X,1,RP,0.8,1.0
PS,4.0,390471.5,MIX,X,1,RP,1.0,0.6
PP,35.0,148062.0,BK,INJ,1,RP,1.9,1.0
PP,24.0,150670.0,BK,HM,1,RP,1.5,1.56
PP,34.0,142456.0,BK,HM,1,RP,2.1,2.1
PP,46.0,140328.0,BK,HM,1,RP,1.2,2.3
PP,49.0,143132.0,BK,HM,1,RP,1.1,1.35
PP,39.64,149442.0,BK,HM,1,RP,1.0,2.0
PP,46.0,156915.5,BK,HM,1,RP,0.6,1.44
PP,40.0,153353.0,BK,HM,1,RP,1.2,1.65
PP,38.0,152411.0,BK,HM,1,RP,1.1,1.7
PP,36.0,150071.2,BK,HM,1,RP,1.0,1.47
PP,37.0,156748.4,BK,HM,1,RP,1.1,1.46
PP,45.0,152863.8,BK,HM,1,RP,0.6,1.43
PP,41.0,150326.6,BK,HM,1,RP,0.4,1.44
PP,40.0,149538.1,BK,HM,1,RP,0.5,1.57
PP,38.0,143275.0,BK,HM,1,RP,0.8,1.19
PP,34.0,155730.3,BK,INJ,1,RP,1.7,1.16
HIPS,5.2,347649.1,BK,X,1,RP,3.4,1.35
HIPS,5.6,327193.3,BK,X,1,RP,2.9,1.64
-,5.58,271372.0,BK,X,1,RP,3.2,2.0
PPH,34.0,176034.0,BK,HM,1,RP,2.2,0.5
PPH,35.0,202771.9,BK,HM,1,RP,2.4,0.48
PPH,38.0,196205.4,BK,HM,1,RP,2.1,0.5
PPH,35.0,181927.1,BK,HM,1,RP,2.9,0.48
PPH,38.0,180004.1,BK,HM,1,RP,2.6,0.51
PPH,36.0,182358.6,BK,HM,1,RP,2.0,0.5
PPH,41.0,166898.2,BK,HM,1,RP,1.4,0.47
PP,19.13,177121.0,BK,INJ,1,RP,1.6,3.0
PP,21.0,174170.4,BK,INJ,1,RP,1.9,2.42
PP,24.0,176248.4,BK,INJ,1,RP,1.4,1.63
HIPS,6.7,322141.8,BK,INJ,1,RP,4.8,1.63
PP,35.0,131980.5,BK,INJ,1,RP,1.9,1.55
PP,35.0,123068.0,BK,INJ,1,RP,4.4,1.65
PP,26.55,154168.0,BK,INJ,1,RP,1.7,1.0
PP,28.0,150485.4,BK,INJ,1,RP,1.7,1.41
PP,20.67,195953.0,BK,INJ,1,RP,9.6,4.0
PP,20.0,190292.0,BK,INJ,1,RP,11.0,4.9
PP,19.0,174203.0,BK,INJ,1,RP,10.4,6.26
PP,20.0,173156.8,BK,INJ,1,RP,5.3,1.48
PP,28.0,168752.0,BK,INJ,1,RP,5.4,2.0
PP,19.0,170151.5,BK,INJ,1,RP,5.8,1.23
PP,15.0,186474.9,BK,INJ,1,RP,5.2,1.21
PP,27.0,169064.8,BK,INJ,1,RP,5.2,1.77
PP,34.0,159698.0,BK,INJ,1,RP,6.0,1.7
PP,35.0,158234.2,BK,INJ,1,RP,5.8,1.7
-,28.0,172974.0,BK,INJ,1,RP,5.4,2.0
PP,32.0,166762.4,BK,HM,1,RP,2.0,0.85
PP,43.0,186965.8,BK,HM,1,RP,1.3,0.56
PP,36.0,159195.3,BK,HM,1,RP,0.6,0.86
PP,35.0,173655.9,BK,HM,1,RP,1.1,0.54
PP,37.0,174263.4,BK,HM,1,RP,1.2,0.53
PP,42.0,173000.8,BK,HM,1,RP,1.2,0.58
PP,38.0,177126.0,BK,HM,1,RP,1.9,0.56
PP,39.0,142554.0,BK,INJ,1,RP,1.8,1.19
PP,35.0,159299.0,BK,INJ,1,RP,2.4,1.0
PP,24.0,187129.1,BK,HM,1,RP,4.5,0.52
PP,25.0,197523.5,BK,HM,1,RP,3.8,0.55
PP,26.0,185356.9,BK,HM,1,RP,4.0,0.5
PP,39.0,172227.0,BK,HM,1,RP,0.7,0.46
PP,35.0,167055.6,BK,HM,1,RP,1.6,0.5
PP,34.0,150091.8,BK,HM,1,RP,0.8,0.5
PP,45.0,176736.9,BK,HM,1,RP,1.6,0.5
PP,38.0,186615.4,BK,HM,1,RP,1.6,0.54
PP,38.0,162674.2,BK,INJ,1,RP,1.6,1.1
PP,50.0,180616.3,BK,HM,1,RP,2.0,0.46
PP,48.0,191541.0,BK,HM,1,RP,2.7,0.45
PP,45.0,176915.0,BK,HM,1,RP,2.6,0.5
PP,35.0,163896.8,BK,INJ,1,RP,2.4,0.78
HIPS,7.0,298222.6,BK,X,S,RP,2.4,1.4
HIPS,6.65,294372.0,BK,X,S,RP,4.1,1.0
HIPS,6.6,295954.2,BK,X,S,RP,4.6,1.57
HIPS,6.7,295993.8,BK,X,S,RP,4.0,1.61
HIPS,6.4,296260.6,BK,X,S,RP,5.1,1.54
HIPS,6.8,292794.0,BK,X,S,RP,4.3,1.38
HIPS,6.6,293934.7,BK,X,S,RP,3.9,1.5
HIPS,6.5,292366.8,BK,X,S,RP,3.8,1.2
HIPS,6.1,289450.0,BK,X,S,RP,4.7,1.43
PP,37.0,175919.1,BK,INJ,1,RP,3.8,0.58
PP,36.0,173919.8,BK,INJ,1,RP,3.0,0.55
PP,45.0,222079.0,BK,HM,1,RP,3.2,0.5
PP,42.0,203802.1,BK,HM,1,RP,1.8,0.6
PP,33.0,214882.0,BK,HM,1,RP,6.1,0.49
PP,19.75,176840.0,BK,INJ,1,RP,6.0,2.0
PP,22.0,176839.7,BK,INJ,1,RP,6.0,1.8
HIPS,5.0,357185.6,BK,X,1,RP,9.0,1.5
HIPS,4.67,343847.0,BK,X,1,RP,9.4,2.0
HIPS,4.0,350950.8,BK,X,1,RP,9.8,1.48
HIPS,4.2,323403.3,BK,X,1,RP,9.5,1.69
HIPS,5.59,324623.0,BK,X,1,RP,4.4,2.0
HIPS,5.6,318823.7,BK,X,1,RP,4.8,1.7
HIPS,5.0,320969.8,BK,X,1,RP,4.2,1.7
PPH,37.0,208992.8,BK,HM,1,RP,0.3,0.43
PPH,40.0,201819.5,BK,HM,1,RP,1.7,0.6
PPH,40.0,152425.0,BK,HM,1,RP,2.7,0.54
PPH,39.4,160552.0,BK,HM,1,RP,2.1,1.0
PPH,35.0,154289.0,BK,HM,1,RP,1.7,0.67
PPH,41.0,174942.9,BK,HM,1,RP,2.4,0.6
HIPS,10.4,305552.0,BK,X,1,RP,3.6,1.49
HIPS,9.88,304579.0,BK,X,1,RP,4.3,2.0
HIPS,9.5,307878.0,BK,X,1,RP,6.3,1.51
HIPS,8.0,300307.8,BK,X,1,RP,3.0,1.57
PP,20.0,185639.9,MIX,INJ,E,RG,1.3,0.76
PP,29.33,180987.0,MIX,INJ,E,RG,1.4,1.0
PP,33.0,180770.2,MIX,INJ,E,RG,1.5,0.8
PP,35.0,176549.9,MIX,INJ,E,RG,1.5,0.83
PPH,30.0,183933.3,BK,HM,1,RP,5.0,0.6
PPH,35.0,181731.3,BK,HM,1,RP,5.0,0.54
PPH,32.75,182832.0,BK,HM,1,RP,5.0,1.0
PPH,33.0,186049.8,BK,HM,1,RP,2.5,0.43
PPH,38.0,192109.3,BK,HM,1,RP,2.6,0.42
PPH,40.0,189284.0,BK,HM,1,RP,2.8,0.47
PPH,38.0,205451.1,BK,HM,1,RP,2.6,0.49
PPH,29.0,184884.0,BK,HM,1,RP,2.4,0.51
PPH,38.0,181892.0,BK,HM,1,RP,0.9,0.52
PPH,41.0,180714.2,BK,HM,1,RP,2.2,0.52
PPH,41.0,183923.5,BK,HM,1,RP,2.2,0.54
PPH,46.0,183046.0,BK,HM,1,RP,2.1,0.47
PPH,40.0,193409.5,BK,HM,1,RP,2.1,0.6
PPH,40.0,193340.5,BK,HM,1,RP,2.2,0.55
PPH,40.0,177918.5,BK,HM,1,RP,2.0,0.6
PPH,38.0,205518.7,MIX,HM,1,RG,0.54,0.54
PPH,16.0,219129.3,MIX,HM,1,RG,0.83,0.83
HIPS,5.0,314678.4,BK,INJ,1,RP,6.0,1.58
PP,35.0,191080.0,BK,INJ,1,RP,4.0,0.57
PPH,32.0,165241.5,BK,HM,1,RP,3.2,0.85
PPH,35.83,164486.0,BK,HM,1,RP,3.2,1.0
-,15.0,378940.8,MIX,X,1,RP,3.1,0.71
PPH,40.0,178326.0,BK,HM,1,RP,2.1,0.52
PPH,50.0,178700.5,BK,HM,1,RP,3.2,0.5
PP,24.0,181916.1,BK,HM,1,RP,2.1,1.13
PP,41.74,168273.0,BK,HM,1,RP,2.1,1.0
PP,24.0,184503.4,BK,HM,1,RP,1.6,1.18
PP,40.0,150870.0,BK,HM,1,RP,2.1,1.21
PP,42.0,163172.5,BK,HM,1,RP,2.3,1.24
PP,59.0,162826.2,BK,HM,1,RP,1.5,1.14
PP,45.0,159526.7,BK,HM,1,RP,1.8,1.22
PP,36.0,148836.7,BK,INJ,1,RP,1.7,1.06
PP,32.0,95034.15,BK,INJ,1,RP,5.8,4.36
PPH,40.0,180322.8,BK,HM,1,RP,2.2,0.45
PPH,38.4,169458.0,BK,HM,1,RP,2.2,1.0
PPH,41.0,169340.3,BK,HM,1,RP,2.4,0.79
PPH,40.0,163280.3,BK,HM,1,RP,2.3,0.82
PPH,40.0,164888.9,BK,HM,1,RP,2.3,0.7
PP/PE,13.0,147559.5,BK,INJ,2,RP,2.7,0.94
PP,26.5,153087.0,BK,INJ,1,RP,2.0,1.0
PP,24.0,152182.3,BK,INJ,1,RP,2.6,1.11
PP,27.0,146836.5,BK,INJ,1,RP,1.8,1.4
PP,26.0,150812.8,BK,INJ,1,RP,1.9,1.4
PP,26.0,162517.8,BK,INJ,1,RP,2.0,1.26
-,26.6,152182.0,BK,INJ,1,RP,2.0,1.0
PP,19.0,127046.1,BK,INJ,S,RP,2.5,12.52
PP,20.0,127828.0,BK,INJ,S,RP,1.8,12.0
PP,21.0,129084.5,BK,INJ,S,RP,1.5,12.53
PP,20.0,127354.8,BK,INJ,S,RP,1.5,12.44
PPH,38.0,200513.2,BK,HM,1,RP,3.0,0.5
PP,40.0,169195.2,BK,INJ,1,RP,2.7,1.1
HIPS,3.7,296304.0,BK,X,1,RP,3.2,1.6
HIPS,7.56,299497.0,BK,X,1,RP,6.3,2.0
HIPS,4.3,269237.9,BK,X,1,RP,6.0,1.3
HIPS,8.0,313452.4,BK,X,1,RP,7.1,1.6
HIPS,7.8,308315.0,BK,X,1,RP,7.0,1.5
HIPS,8.6,329312.4,BK,X,1,RP,4.8,1.2
HIPS,8.13,327897.0,BK,X,1,RP,4.3,1.0
HIPS,8.0,327703.1,BK,X,1,RP,4.9,1.4
PP,30.0,126597.3,BK,INJ,1,RP,2.8,1.45
PPH,44.0,154286.6,BK,HM,1,RP,2.5,0.5
PPH,48.0,178209.6,BK,HM,1,RP,2.7,0.5
PPH,40.0,182617.0,BK,HM,1,RP,2.4,0.6
PPH,38.0,184180.5,BK,HM,1,RP,2.1,0.4
HIPS,5.9,295554.3,BK,INJ,1,RP,7.4,1.4
PP,34.43,146897.0,BK,HM,1,RP,1.9,2.0
PP,36.0,140825.8,BK,HM,1,RP,1.9,1.6
PP,37.0,143054.8,BK,HM,1,RP,1.8,1.7
PP,36.0,144539.2,BK,HM,1,RP,1.9,1.84
PP,35.0,144663.1,BK,HM,1,RP,1.2,2.12
-,34.43,150523.0,BK,HM,1,RP,1.9,2.0
PP,0.6,177538.3,BK,EXT,1,RP,1.3,16.85
PP,0.8,174079.4,BK,EXT,1,RP,1.3,15.0
PP,0.67,175809.0,MIX,EXT,1,RP,1.3,16.0
PPH,4.0,203969.4,MIX,EXT,1,RP,0.5,0.6
PPH,3.8,234216.4,MIX,EXT,1,RP,0.4,0.5
PP,37.0,166085.7,BK,INJ,1,RP,4.6,1.13
PP,39.0,177088.3,BK,INJ,1,RP,2.5,0.87
PP,34.0,151806.2,BK,INJ,1,RP,1.4,1.03
PP,44.0,152198.8,BK,HM,1,RP,1.0,1.0
PP,36.33,150873.0,BK,HM,1,RP,0.7,1.0
PP,43.0,153129.7,BK,HM,1,RP,0.7,1.02
PP,35.0,154862.8,BK,HM,1,RP,0.4,1.1
PP,35.0,150771.3,BK,HM,1,RP,0.5,1.1
PP,30.0,147782.9,BK,INJ,1,RP,2.2,1.74
PPH,21.0,170758.6,BK,HM,1,RP,3.9,1.1
PPH,26.68,168999.0,BK,HM,1,RP,3.9,1.0
PPH,25.0,186096.3,BK,HM,1,RP,3.4,0.9
PPH,35.0,185338.6,BK,HM,1,RP,2.6,0.6
PPH,37.0,185445.8,BK,HM,1,RP,2.7,0.6
PPH,38.0,174264.6,BK,HM,1,RP,2.5,0.51
PP,37.95,156133.0,BK,HM,1,RP,1.9,2.0
PP,37.0,160807.4,BK,HM,1,RP,1.2,1.7
PP,38.0,155927.9,BK,HM,1,RP,1.3,1.7
PP,38.0,157699.8,BK,HM,1,RP,1.4,1.6
PP,39.0,158195.3,BK,HM,1,RP,2.7,1.56
PP,39.0,148282.0,BK,HM,1,RP,2.7,1.5
PP,39.0,146483.2,BK,HM,1,RP,2.6,1.5
PP,40.0,151372.5,BK,HM,1,RP,2.0,1.42
-,37.95,163213.0,BK,HM,1,RP,1.9,2.0
PP,34.0,147599.8,BK,INJ,1,RP,1.1,1.09
PP,37.0,150629.5,BK,INJ,1,RP,1.6,1.07
PPH,45.0,169158.8,BK,HM,1,RP,2.2,0.6
PPH,37.2,166564.0,BK,HM,1,RP,2.2,1.0
PPH,39.0,172796.6,BK,HM,1,RP,2.2,0.6
PPH,40.0,164960.6,BK,HM,1,RP,2.3,0.6
PPH,26.0,159339.4,BK,HM,1,RP,2.2,0.8
HIPS,6.26,340854.0,BK,X,1,RP,3.3,1.0
HIPS,6.0,333573.2,BK,X,1,RP,3.3,1.5
HIPS,6.0,329782.4,BK,X,1,RP,3.3,1.6
PP,35.0,162251.8,BK,INJ,1,RP,2.1,1.1
PP,35.0,162252.0,BK,INJ,1,RP,2.1,1.0
HIPS,6.0,372661.9,BK,X,1,RP,3.8,1.3
HIPS,7.0,372424.0,BK,X,1,RP,3.5,1.0
HIPS,6.2,373987.4,BK,X,1,RP,3.7,1.4
HIPS,6.0,364321.7,BK,X,1,RP,3.7,1.29
HIPS,9.0,378724.0,BK,X,1,RP,3.1,1.07
PP,34.0,116836.3,BK,INJ,1,RP,3.0,9.23
PP,37.0,144115.8,BK,INJ,1,RP,1.5,1.13
PP,35.0,158760.0,BK,INJ,1,RP,2.1,1.0
PP,35.0,158759.8,BK,INJ,1,RP,2.1,1.03
HIPS,5.8,315701.9,BK,X,1,RP,5.1,1.6
HIPS,5.33,308366.0,BK,X,1,RP,4.4,2.0
HIPS,5.0,315881.6,BK,X,1,RP,4.1,1.7
HIPS,5.8,310904.5,BK,X,1,RP,4.1,1.94
HIPS,6.5,284175.0,BK,X,S,RP,3.2,1.82
HIPS,6.95,283613.0,BK,X,S,RP,3.0,2.0
HIPS,7.4,283051.1,BK,X,S,RP,3.0,1.73
PP,39.0,144161.0,BK,INJ,1,RP,2.4,1.12
PPH,25.0,186615.9,BK,HM,1,RP,3.3,0.6
PPH,30.0,189126.1,BK,HM,1,RP,3.8,0.6
PPH,27.0,184736.6,BK,HM,1,RP,2.9,0.43
HIPS,3.4,297224.3,BK,X,S,RP,2.0,1.54
HIPS,3.76,298304.0,BK,X,S,RP,2.3,2.0
HIPS,3.8,299384.1,BK,X,S,RP,2.6,1.51
PP,28.0,143639.4,BK,INJ,1,RP,2.6,4.84
PP,29.67,144769.0,BK,INJ,1,RP,2.4,3.0
PP,31.0,145899.2,BK,INJ,1,RP,2.3,2.64
-,29.67,144769.0,BK,INJ,1,RP,2.4,3.0
HIPS,4.2,295445.4,BK,X,1,RP,5.1,1.62
HIPS,4.73,296631.0,BK,X,1,RP,6.0,1.0
HIPS,5.0,297816.1,BK,X,1,RP,6.5,1.27
PP,17.0,123023.5,BK,INJ,1,RP,2.0,9.27
PP,19.0,112784.0,BK,INJ,1,RP,2.1,7.89
PP,22.0,112904.5,BK,INJ,1,RP,3.0,7.8
PP,25.0,112958.8,BK,INJ,1,RP,3.1,7.7
PP,22.07,116451.0,BK,INJ,1,RP,2.6,8.0
PP,25.0,120585.1,BK,INJ,1,RP,3.0,7.6
PP,28.0,135628.8,BK,INJ,1,RP,4.0,0.87
HIPS,8.0,304481.2,BK,X,1,RP,5.8,1.7
HIPS,5.79,303179.0,BK,X,1,RP,7.4,2.0
HIPS,8.0,302879.6,BK,X,1,RP,5.6,1.6
HIPS,4.4,312705.2,BK,X,1,RP,8.1,1.58
HIPS,3.8,301194.7,BK,X,S,RP,2.7,1.5
HIPS,3.87,301789.0,BK,X,S,RP,2.4,1.0
HIPS,3.4,302383.3,BK,X,S,RP,2.0,1.4
PPH,34.0,165840.3,BK,HM,1,RP,0.9,0.92
PPH,35.0,161553.4,BK,HM,1,RP,1.0,0.89
PPH,36.86,162156.0,BK,HM,1,RP,1.2,1.0
PPH,37.0,171584.0,BK,HM,1,RP,0.9,0.89
PPH,38.0,149089.1,BK,HM,1,RP,1.0,0.7
PPH,38.0,167859.5,BK,HM,1,RP,1.0,0.7
PPH,40.0,167843.3,BK,HM,1,RP,1.1,0.7
-,36.62,163185.0,BK,HM,1,RP,1.2,1.0
HIPS,5.4,315281.8,BK,INJ,1,RP,4.1,1.69
PPH,36.0,182865.3,BK,HM,1,RP,2.8,0.46
PPH,38.83,173544.0,BK,HM,1,RP,2.0,1.0
PPH,39.0,151998.5,BK,HM,1,RP,1.6,0.81
PPH,40.0,178970.0,BK,HM,1,RP,2.0,0.6
PPH,36.0,183367.0,BK,HM,1,RP,1.0,1.0
PPH,35.0,173593.2,BK,HM,1,RP,1.2,0.6
PPH,40.0,191533.5,BK,HM,1,RP,1.6,0.6
PP,33.0,145618.8,BK,INJ,1,RP,3.4,0.69
PPH,40.0,178290.4,BK,HM,1,RP,1.3,0.6
PPH,38.67,171788.0,BK,HM,1,RP,1.6,1.0
PPH,42.0,181519.3,BK,HM,1,RP,1.4,0.6
PPH,39.0,155554.8,BK,HM,1,RP,1.8,0.6
PP,46.0,146148.9,BK,INJ,1,RP,1.5,1.21
HIPS,4.7,305789.6,BK,INJ,1,RP,9.2,1.6
PP,18.0,131978.9,BK,INJ,1,RP,3.1,1.88
PP,18.0,126017.1,BK,INJ,1,RP,1.5,4.21
PP,22.55,123672.0,BK,INJ,1,RP,1.9,3.0
PP,23.0,120446.9,BK,INJ,1,RP,1.0,2.6
PP,25.0,119473.9,BK,INJ,1,RP,2.0,2.6
PP,25.0,120441.9,BK,INJ,1,RP,2.0,3.0
PPH,31.0,153810.4,BK,HM,1,RP,2.0,0.81
PPH,34.0,155834.0,BK,HM,1,RP,2.1,1.0
PPH,29.0,159068.0,BK,HM,1,RP,1.8,0.6
PPH,33.0,154623.7,BK,HM,1,RP,1.8,0.78
PP,35.0,144798.1,BK,INJ,1,RP,2.3,1.2
PP,20.0,114328.1,BK,INJ,1,RP,0.8,6.87
PP,25.0,114278.3,BK,INJ,1,RP,1.0,8.26
PP,29.0,118742.0,BK,INJ,1,RP,1.3,4.1
PP,25.61,116839.0,BK,INJ,1,RP,1.1,6.0
PP,24.0,121083.0,BK,INJ,1,RP,1.0,4.0
PP,23.0,115763.2,BK,INJ,1,RP,0.9,8.82
PP,23.0,138441.0,BK,INJ,1,RP,1.0,2.0
PP,38.0,174779.2,BK,INJ,1,RP,2.8,0.8
PP,38.0,174779.0,BK,INJ,1,RP,2.8,1.0
PPH,26.0,181408.3,BK,HM,1,RP,3.4,0.6
PPH,26.0,181380.0,BK,HM,1,RP,3.8,1.0
PPH,26.0,181351.0,BK,HM,1,RP,4.1,0.6
PP,24.0,138592.6,BK,INJ,1,RP,1.0,1.8
PP,25.19,126264.0,BK,INJ,1,RP,1.0,5.0
PP,22.0,149038.2,BK,INJ,1,RP,0.9,1.1
PP,30.0,149038.0,BK,INJ,1,RP,0.9,1.0
PP,38.0,155830.0,BK,HM,1,RP,1.3,1.0
PP,26.0,155830.0,BK,HM,1,RP,1.3,1.0
PP,34.75,155830.0,BK,HM,1,RP,1.3,1.0
PP,37.0,156357.8,BK,HM,1,RP,1.4,0.91
HIPS,4.0,362595.6,MIX,X,E,RG,1.5,1.5
PP,30.0,144675.1,BK,INJ,1,RP,3.3,2.0
PP,36.0,155176.7,BK,INJ,1,RP,2.5,0.9
HIPS,3.2,380509.9,BK,X,1,RP,3.7,1.3
HIPS,3.79,378202.0,BK,X,1,RP,3.6,1.0
HIPS,3.4,378717.7,BK,X,1,RP,3.8,1.25
HIPS,4.1,382795.4,BK,X,1,RP,3.8,1.4
PP,36.0,155177.0,BK,INJ,1,RP,2.5,1.0
PP,19.2,162737.0,BK,INJ,1,RP,2.5,2.0
PP,19.0,158100.2,BK,INJ,1,RP,2.3,2.0
PS,4.3,327805.0,MIX,EXT,1,RP,0.6,1.2
PS,3.98,327955.0,MIX,EXT,1,RP,0.6,1.0
PS,4.0,327097.6,MIX,EXT,1,RP,0.5,1.2
PS,3.4,328961.7,MIX,EXT,1,RP,0.8,1.47
PP,25.5,149135.0,BK,HM,1,RP,1.6,1.0
PP,36.0,156237.0,BK,INJ,1,RP,2.8,0.97
PP,31.0,139799.2,BK,HM,1,RP,1.5,0.96
PP,31.0,136641.3,BK,HM,1,RP,1.7,0.98
PP,32.5,140857.0,BK,HM,1,RP,1.4,1.0
PP,34.0,140210.7,BK,HM,1,RP,1.6,1.2
PP,38.0,142733.1,BK,HM,1,RP,1.8,1.1
PP,28.0,139567.5,BK,HM,1,RP,0.8,1.1
PP,32.0,146188.8,BK,HM,1,RP,1.0,1.0
HIPS,3.8,266853.2,MIX,EXT,1,RP,3.3,2.3
HIPS,3.8,267300.0,MIX,EXT,1,RP,3.2,2.0
HIPS,3.6,267746.7,MIX,EXT,1,RP,3.1,2.2
HIPS,4.8,306856.3,MIX,EXT,1,RP,4.6,1.35
HIPS,4.9,312233.0,MIX,EXT,1,RP,3.9,1.0
HIPS,5.0,317609.8,MIX,EXT,1,RP,3.2,1.3
PP,30.0,159509.7,BK,HM,1,RP,2.1,1.1
PP,37.5,154516.0,BK,HM,1,RP,1.6,1.0
PP,31.0,153808.8,BK,HM,1,RP,2.1,1.2
PP,35.0,141543.9,BK,HM,1,RP,2.1,1.1
PP,43.0,151025.6,BK,HM,1,RP,1.6,1.24
PP,38.0,151119.4,BK,HM,1,RP,1.5,1.2
PP,39.0,165714.7,BK,HM,1,RP,1.4,1.3
PP,45.0,158891.1,BK,HM,1,RP,1.3,0.92
PP,21.0,151871.7,BK,INJ,1,RP,0.9,9.2
PP,21.0,169333.0,BK,INJ,1,RP,0.7,9.63
PP,20.8,164808.0,BK,INJ,1,RP,0.8,9.0
PP,21.0,173218.5,BK,INJ,1,RP,0.9,9.2
PPH,33.0,184122.5,BK,HM,1,RP,3.1,0.6
PPH,34.33,182444.0,BK,HM,1,RP,2.7,1.0
PPH,35.0,184600.9,BK,HM,1,RP,3.3,0.6
PPH,35.0,177263.9,BK,HM,1,RP,2.5,0.6
PPH,35.0,183788.7,BK,HM,1,RP,2.6,0.6
PP,28.0,178315.6,BK,INJ,1,RP,11.0,1.8
PP,30.0,174960.0,BK,INJ,1,RP,11.4,2.0
PP,32.0,171604.2,BK,INJ,1,RP,11.8,1.53
PP,20.0,178034.0,BK,INJ,1,RP,6.9,2.0
PP,18.0,167119.6,BK,INJ,1,RP,6.8,2.32
PP,21.0,188947.7,BK,INJ,1,RP,7.0,1.6
HIPS,4.4,296388.8,BK,X,1,RP,5.8,1.66
HIPS,4.72,300525.0,BK,X,1,RP,5.5,2.0
HIPS,4.8,304660.3,BK,X,1,RP,6.7,1.61
PP,33.0,138162.0,BK,INJ,1,RP,1.4,1.01
PP,23.0,174662.5,BK,INJ,1,RP,1.0,1.5
PP,24.33,176233.0,BK,INJ,1,RP,1.0,1.0
PP,26.0,177964.2,BK,INJ,1,RP,1.0,1.52
PP,24.0,178039.5,BK,INJ,1,RP,0.9,1.5
PP,31.0,177218.6,BK,INJ,1,RP,0.8,1.51
PP,25.0,183345.2,BK,INJ,1,RP,1.0,1.5
PP,22.0,179067.0,BK,INJ,1,RP,0.9,1.6
PP,27.0,174198.6,BK,INJ,1,RP,1.1,1.32
HIPS,5.8,314157.0,BK,INJ,1,RP,6.2,1.58
PPH,40.0,188286.3,BK,HM,1,RP,2.5,0.51
PPH,40.0,170130.7,BK,HM,1,RP,3.0,0.6
PPH,49.0,174126.1,BK,HM,1,RP,1.3,0.48
HIPS,5.53,330505.0,BK,X,1,RP,2.4,2.0
HIPS,6.0,325526.2,BK,X,1,RP,2.2,1.6
HIPS,5.4,339079.9,BK,X,1,RP,2.4,1.6
HIPS,5.0,314309.2,BK,X,1,RP,2.0,1.6
PP,35.0,152749.0,BK,INJ,1,RP,3.1,1.2
PP,38.0,204116.3,BK,INJ,1,RP,5.0,1.6
PPH,34.0,148547.4,BK,HM,1,RP,1.6,0.6
PPH,36.75,148771.0,BK,HM,1,RP,1.9,1.0
PPH,38.0,150712.9,BK,HM,1,RP,1.9,0.6
PPH,37.0,147053.0,BK,HM,1,RP,2.0,0.77
PP,40.0,138943.0,BK,HM,1,RP,2.1,1.2
PP,28.57,135701.0,BK,HM,1,RP,1.9,1.0
PP,39.0,132459.8,BK,HM,1,RP,2.0,1.08
PP,35.0,151483.2,BK,HM,1,RP,2.5,1.1
PP,35.0,151483.0,BK,HM,1,RP,2.5,1.0
PP,32.0,174599.5,BK,INJ,1,RP,1.6,0.77
PP,43.0,164235.0,BK,INJ,1,RP,1.5,0.6
PPH,34.0,153096.9,BK,HM,1,RP,1.8,0.6
PPH,38.17,147848.0,BK,HM,1,RP,1.7,1.0
PPH,36.0,149844.1,BK,HM,1,RP,1.9,0.6
PPH,40.0,140603.0,BK,HM,1,RP,1.9,0.6
PP,35.0,154587.4,BK,INJ,1,RP,1.1,0.95
PP,34.0,149904.3,BK,INJ,1,RP,2.5,1.1
PP,33.0,151812.6,BK,INJ,1,RP,2.5,1.1
PP,31.0,167300.2,BK,HM,1,RP,1.8,0.8
PP,32.1,157498.0,BK,HM,1,RP,1.7,1.0
PP,37.0,164615.5,BK,HM,1,RP,1.3,0.73
PP,30.0,150257.3,BK,HM,1,RP,1.8,1.0
PP,33.0,150084.3,BK,HM,1,RP,1.5,0.9
PP,38.0,151676.6,BK,HM,1,RP,1.7,0.8
PP,39.33,153856.0,BK,HM,1,RP,2.4,1.0
PP,40.0,156035.8,BK,HM,1,RP,3.1,0.82
PPH,36.0,159328.6,BK,HM,1,RP,2.1,0.6
PPH,37.0,154325.0,BK,HM,1,RP,2.1,1.0
PPH,38.0,146803.3,BK,HM,1,RP,2.3,0.6
PPH,36.0,156844.3,BK,HM,1,RP,1.8,0.79
PPH,40.0,173561.3,BK,HM,1,RP,2.1,0.6
PPH,39.17,178041.0,BK,HM,1,RP,2.1,1.0
PPH,38.0,178899.9,BK,HM,1,RP,2.0,0.6
PPH,35.0,172539.5,BK,HM,1,RP,2.3,0.61
PPH,40.0,187164.6,BK,HM,1,RP,2.1,0.6
PP,35.0,183788.9,BK,INJ,1,RP,1.5,0.6
PP,28.0,162816.1,BK,HM,1,RP,3.7,1.16
PP,28.0,161099.3,BK,HM,1,RP,3.0,1.1
PP,29.83,169117.0,BK,HM,1,RP,2.9,1.0
PP,30.0,176352.8,BK,HM,1,RP,3.0,1.1
PP,31.0,178912.3,BK,HM,1,RP,3.0,1.0
PP,30.0,170679.3,BK,HM,1,RP,2.0,1.13
PP,31.0,171048.5,BK,HM,1,RP,3.1,1.1
PP,31.0,170928.1,BK,HM,1,RP,3.1,1.1
PP,33.0,167458.2,BK,HM,1,RP,2.9,1.08
PP,30.0,174719.7,BK,HM,1,RP,2.6,1.1
PP,30.0,173153.6,BK,HM,1,RP,2.6,1.0
PP,27.0,147848.1,BK,HM,1,RP,2.7,1.18
-,29.83,161958.0,BK,HM,1,RP,2.9,1.0
PP,39.0,155862.2,BK,INJ,1,RP,1.4,0.93
PP,39.0,155862.0,BK,INJ,1,RP,1.4,1.0
PP,34.0,157796.5,BK,INJ,1,RP,2.1,1.1
PP,32.0,169786.6,BK,INJ,1,RP,1.5,0.86
PPH,33.0,208390.5,BK,HM,1,RP,3.0,0.47
HIPS,6.0,349374.4,BK,X,2,RP,3.0,1.2
HIPS,5.57,348482.0,BK,X,2,RP,2.9,1.0
HIPS,5.7,347589.2,BK,X,2,RP,2.9,1.4
HIPS,4.78,310444.0,BK,X,1,RP,4.0,1.0
HIPS,4.3,310223.7,BK,X,1,RP,3.6,1.6
HIPS,4.8,310430.7,BK,X,1,RP,4.2,1.39
HIPS,4.9,310676.8,BK,X,1,RP,4.3,1.4
PP,30.0,152659.0,BK,INJ,1,RP,4.3,1.0
PP,30.0,152659.0,BK,INJ,1,RP,4.3,1.3
HIPS,4.6,297519.5,BK,X,1,RP,12.3,1.2
HIPS,4.32,289448.0,BK,X,1,RP,7.2,1.0
HIPS,4.2,289297.4,BK,X,1,RP,7.1,1.25
HIPS,4.4,272659.1,BK,X,1,RP,7.1,1.3
HIPS,4.5,314826.6,BK,X,1,RP,7.0,1.6
HIPS,5.3,311662.5,BK,X,1,RP,3.3,1.47
HIPS,5.17,314570.0,BK,X,1,RP,3.1,2.0
HIPS,5.0,307145.7,BK,X,1,RP,3.7,1.6
HIPS,5.0,317274.8,BK,X,1,RP,2.6,1.6
HIPS,5.0,322197.0,BK,X,1,RP,3.4,1.6
-,5.17,314570.0,BK,X,1,RP,3.1,2.0
PPH,50.0,184952.5,BK,HM,1,RP,1.4,0.46
MIPS,4.0,316208.3,MIX,X,1,RG,4.6,0.8
PP,32.5,163166.0,BK,INJ,1,RP,3.0,1.0
PP,44.0,170652.4,BK,INJ,1,RP,1.8,0.64
HIPS,6.23,290166.0,BK,X,S,RP,5.1,2.0
HIPS,6.6,280068.4,BK,X,S,RP,5.2,1.5
PP,15.0,147439.5,BK,INJ,1,RP,2.3,8.04
PP,16.0,139958.0,BK,INJ,1,RP,1.3,9.0
PP,16.0,132654.4,BK,INJ,1,RP,1.2,9.01
PP,13.0,132820.1,BK,INJ,1,RP,0.8,8.91
PP,16.0,130800.0,BK,INJ,1,RP,1.1,8.98
-,16.0,137638.0,BK,INJ,1,RP,1.3,9.0
PPH,39.0,184144.7,BK,HM,1,RP,2.0,0.6
PPH,41.0,162555.7,BK,HM,1,RP,2.1,0.6
PPH,43.0,125662.9,BK,HM,1,RP,1.8,0.44
PP,38.0,166266.1,BK,INJ,1,RP,5.7,2.08
PPH,40.0,168685.7,BK,HM,1,RP,1.4,0.6
PPH,38.4,176330.0,BK,HM,1,RP,1.2,1.0
PPH,38.0,168019.9,BK,HM,1,RP,1.7,0.6
PPH,38.0,192284.2,BK,HM,1,RP,1.0,0.6
PPH,33.0,187108.7,BK,HM,1,RP,1.9,0.41
PPH,34.0,182891.4,BK,HM,1,RP,2.7,0.43
HIPS,4.6,294310.5,BK,X,1,RP,6.4,1.73
HIPS,4.5,268073.6,BK,X,1,RP,6.4,1.6
PP,35.0,148074.1,BK,INJ,1,RP,4.3,0.68
HIPS,7.0,299312.5,BK,X,1,RP,5.0,1.9
HIPS,6.9,300566.0,BK,X,1,RP,5.0,2.0
HIPS,6.8,301818.7,BK,X,1,RP,4.9,1.9
PPH,23.0,178905.9,BK,HM,1,RP,3.8,0.7
PPH,44.0,163365.9,BK,HM,1,RP,3.5,0.6
PPH,58.33,165085.0,BK,HM,1,RP,2.8,1.0
PPH,43.0,180046.5,BK,HM,1,RP,2.5,0.6
PPH,73.0,174408.2,BK,HM,2,RP,3.3,0.83
HIPS,5.4,360695.5,BK,X,S,RP,4.3,0.87
HIPS,5.36,358704.0,BK,X,S,RP,4.0,1.0
HIPS,5.6,356712.7,BK,X,S,RP,4.3,0.94
HIPS,8.4,307221.7,BK,X,1,RP,6.8,1.5
HIPS,7.54,305589.0,BK,X,1,RP,6.6,2.0
HIPS,7.8,306307.2,BK,X,1,RP,6.7,1.7
HIPS,7.1,303239.2,BK,X,1,RP,6.4,1.6
PP,38.0,162987.9,BK,INJ,1,RP,2.6,0.6
PS,40.0,392685.7,MIX,X,1,RP,11.0,0.6
PS,41.33,392686.0,MIX,X,1,RP,6.2,1.0
-,15.0,378941.0,MIX,X,1,RP,3.1,1.0
PP,29.0,217513.3,BK,INJ,1,RP,11.7,2.42
HIPS,6.9,293274.4,BK,X,S,RP,4.3,1.74
HIPS,7.15,295963.0,BK,X,S,RP,3.6,2.0
HIPS,7.4,298651.7,BK,X,S,RP,4.0,1.74
PP,6.0,137932.2,BK,INJ,1,RP,7.8,8.88
PP,14.0,121236.2,BK,INJ,1,RP,10.2,4.02
PP,16.63,121236.0,BK,INJ,1,RP,10.3,4.0
PP,16.0,131400.5,BK,INJ,1,RP,8.8,4.0
PP,15.0,133185.0,BK,INJ,1,RP,8.2,5.0
PP,17.0,126069.8,BK,INJ,1,RP,7.8,2.8
PP,14.8,126070.0,BK,INJ,1,RP,8.1,3.0
PP,34.0,169596.2,BK,INJ,1,RP,5.6,1.33
HIPS,8.4,370288.3,BK,X,1,RP,2.8,0.97
HIPS,8.4,370288.0,BK,X,1,RP,2.8,1.0
HIPS,7.8,357653.1,BK,X,1,RP,4.9,0.88
HIPS,6.7,347207.0,BK,X,1,RP,4.4,1.0
HIPS,6.3,343700.7,BK,X,1,RP,5.0,1.2
HIPS,6.0,343820.8,BK,X,1,RP,4.9,1.3
HIPS,6.9,343652.5,BK,X,1,RP,3.0,1.33
PP,17.0,142098.0,MIX,INJ,1,RP,2.2,1.8
PP,1.0,166979.9,MIX,OFF,1,RP,0.9,15.44
PPH,40.0,180632.7,BK,HM,1,RP,1.8,0.6
PPH,38.6,175403.0,BK,HM,1,RP,1.8,1.0
PPH,38.0,173146.2,BK,HM,1,RP,1.7,0.6
PPH,35.0,172430.9,BK,HM,1,RP,1.7,0.81
PP,33.0,190623.9,BK,INJ,1,RP,6.7,0.67
HIPS,6.2,257255.2,BK,X,1,RP,3.5,2.2
HIPS,7.58,248268.0,BK,X,1,RP,5.5,3.0
HIPS,6.4,259024.3,BK,X,1,RP,3.8,2.3
HIPS,9.1,228524.1,BK,X,1,RP,8.2,4.09
HIPS,4.8,288598.2,BK,X,1,RP,2.9,1.7
HIPS,4.6,288006.0,BK,X,1,RP,2.7,2.0
HIPS,4.6,287412.9,BK,X,1,RP,2.7,1.6
PPH,38.0,154458.8,BK,HM,1,RP,1.9,0.7
PPH,38.0,152626.0,BK,HM,1,RP,1.9,1.0
PPH,40.0,157782.0,BK,HM,1,RP,2.0,0.6
PPH,37.0,145637.0,BK,HM,1,RP,1.8,0.76
HIPS,4.3,324494.2,BK,X,1,RP,4.2,1.6
HIPS,4.28,323435.0,BK,X,1,RP,4.1,2.0
HIPS,4.4,325252.8,BK,X,1,RP,4.1,1.5
HIPS,4.6,320557.5,BK,X,1,RP,4.6,1.48
PPH,44.0,170856.4,BK,HM,1,RP,3.0,0.52
PP,30.0,156187.1,BK,INJ,1,RP,2.3,1.16
PP,39.0,163305.4,BK,INJ,1,RP,3.0,0.65
PP,39.0,163305.0,BK,INJ,1,RP,3.0,1.0
PP,18.0,189823.1,BK,INJ,1,RP,3.1,0.9
PP,19.25,188817.0,BK,INJ,1,RP,3.0,1.0
PP,20.0,187811.2,BK,INJ,1,RP,3.0,0.8
PP,24.0,182699.2,BK,INJ,1,RP,2.2,1.1
PP,40.0,178321.0,BK,INJ,1,RP,1.9,0.9
PP,42.0,180940.0,BK,INJ,1,RP,1.9,0.88
PP,37.13,177923.0,BK,INJ,1,RP,1.8,1.0
PP,39.0,177685.6,BK,INJ,1,RP,1.7,0.91
PP,39.0,169971.3,BK,INJ,1,RP,1.7,0.9
PPH,62.0,230637.0,BK,HM,1,RP,2.6,0.44
PPH,68.0,226571.1,BK,HM,1,RP,1.9,0.41
PPH,30.0,228769.3,BK,HM,1,RP,2.1,0.47
PP,26.0,152561.4,BK,INJ,1,RP,1.4,1.0
PP,38.0,149821.6,BK,INJ,1,RP,1.5,1.0
PP,38.71,156949.0,BK,INJ,1,RP,1.3,1.0
PP,46.0,171637.5,BK,INJ,1,RP,0.98,0.96
PP,45.0,170008.5,BK,INJ,1,RP,0.98,0.99
PP,40.0,143744.9,BK,INJ,1,RP,1.4,1.0
PP,40.0,141297.5,BK,INJ,1,RP,1.7,0.97
PP,35.0,162030.2,BK,INJ,1,RP,1.2,0.91
PP,40.0,164490.8,BK,INJ,1,RP,1.7,0.9
PPH,48.0,211355.7,BK,INJ,1,RP,6.6,0.47
PP,11.0,97102.19,BK,INJ,1,RP,5.0,10.74
PP,11.0,114826.6,BK,INJ,1,RP,4.0,10.88
PP,14.0,111694.7,BK,INJ,1,RP,4.5,11.24
PP,13.04,113261.0,BK,INJ,1,RP,4.9,11.0
PP,11.0,154723.3,BK,INJ,1,RP,5.5,9.46
PP,12.0,145085.7,BK,INJ,1,RP,6.1,9.2
PP,11.3,152502.0,BK,INJ,1,RP,6.2,9.0
PP,12.0,157697.8,BK,INJ,1,RP,7.0,9.36
PP,29.0,155072.1,BK,INJ,1,RP,6.2,0.8
PP,29.0,155072.0,BK,INJ,1,RP,6.2,1.0
HIPS,5.8,297138.2,BK,INJ,1,RP,3.7,1.62
PP,38.0,177082.0,BK,INJ,1,RP,2.8,1.0
-,38.0,177081.8,BK,INJ,1,RP,2.8,0.94
PP,29.0,197828.8,BK,INJ,1,RP,2.9,1.06
PP,31.31,180858.0,BK,INJ,1,RP,3.3,1.0
PP,35.0,180259.3,BK,INJ,1,RP,3.8,1.09
PP,47.0,170461.1,BK,INJ,1,RP,3.2,0.79
PP,28.0,156789.3,BK,INJ,1,RP,1.0,1.1
PP,29.0,224566.5,BK,INJ,1,RP,4.8,0.76
PP,28.0,224567.0,BK,INJ,1,RP,4.7,1.0
PP,23.5,233784.0,BK,INJ,1,RP,7.7,1.0
PP,22.0,230105.8,BK,INJ,1,RP,6.6,0.8
PP,24.0,231440.3,BK,INJ,1,RP,6.7,0.9
PP,22.0,239805.5,BK,INJ,1,RP,9.9,0.72
PP,29.0,182517.1,BK,INJ,1,RP,4.0,1.1
HIPS,7.3,291896.9,BK,INJ,1,RP,7.0,2.0
-,31.31,183457.0,BK,INJ,1,RP,3.3,1.0
PPH,37.0,194201.2,BK,HM,1,RP,3.1,0.64
PPH,41.67,203673.0,BK,HM,1,RP,2.7,1.0
PPH,43.0,216967.2,BK,HM,1,RP,3.9,0.52
PPH,38.0,206154.1,BK,HM,1,RP,2.0,0.55
PPH,45.0,197368.3,BK,HM,1,RP,1.7,0.6
PP,123.0,169872.9,BK,HM,PUF,RP,2.1,2.06
PP,40.0,163413.9,BK,HM,1,RP,1.9,1.8
PP,35.0,155702.8,BK,HM,1,RP,1.8,1.6
PP,37.33,164992.0,BK,HM,1,RP,1.8,2.0
PP,30.0,158017.9,BK,HM,1,RP,1.8,2.3
PP,35.0,165864.5,BK,HM,1,RP,1.9,2.98
PP,30.0,204754.2,BK,INJ,1,RP,1.2,0.88
PP,39.0,149297.9,BK,HM,1,RP,2.5,1.8
PP,36.5,163127.0,BK,HM,1,RP,2.0,1.0
PP,38.0,149458.5,BK,HM,1,RP,2.3,1.7
PP,30.0,190626.0,BK,HM,1,RP,0.8,0.63
PP,26.0,186990.2,BK,HM,1,RP,2.1,0.71
PP,40.44,213714.0,BK,HM,1,RP,3.0,1.0
PP,25.0,195742.9,BK,HM,1,RP,3.7,0.67
PPH,34.0,168627.9,BK,HM,1,RP,2.2,0.66
PPH,33.67,168885.0,BK,HM,1,RP,2.4,1.0
PPH,31.0,169080.5,BK,HM,1,RP,2.3,0.69
PPH,38.0,181105.2,BK,HM,1,RP,2.0,0.47
PP,28.0,155388.5,BK,HM,1,RP,4.0,1.2
PP,28.08,164556.0,BK,HM,1,RP,3.0,1.0
PP,29.0,154911.6,BK,HM,1,RP,3.9,1.1
PP,27.0,167434.4,BK,HM,1,RP,3.2,1.12
PP,27.0,165900.0,BK,HM,1,RP,2.6,1.1
PP,28.0,167906.3,BK,HM,1,RP,2.7,1.2
PP,29.0,173296.9,BK,HM,1,RP,2.2,1.0
PP,30.0,167053.6,BK,HM,1,RP,2.4,1.09
PP,35.0,161122.3,BK,INJ,1,RP,5.1,0.81
PP,31.0,173775.9,BK,INJ,1,RP,3.7,0.88
PP,45.0,162217.7,BK,HM,1,RP,1.2,0.64
PP,87.0,160178.3,BK,HM,1,RP,1.9,0.72
PP,80.0,162751.7,BK,HM,1,RP,2.5,0.63
PP,45.0,162410.8,BK,HM,1,RP,2.6,0.6
PP,44.93,171687.0,BK,HM,1,RP,1.9,1.0
PP,45.0,162903.4,BK,HM,1,RP,2.6,1.0
PP,24.0,198010.1,BK,INJ,1,RP,2.9,1.7
PP,25.9,185079.0,BK,INJ,1,RP,2.3,3.0
PP,23.0,197482.7,BK,INJ,1,RP,2.8,1.8
PP,26.0,184772.3,BK,INJ,1,RP,1.9,2.9
PP,27.0,184232.3,BK,INJ,1,RP,2.3,3.95
PP,26.0,172059.3,BK,INJ,1,RP,1.9,2.1
PP,26.0,173920.4,BK,INJ,1,RP,2.0,3.7
PP,37.0,216244.0,BK,INJ,1,RP,3.3,0.77
HIPS,5.7,336479.2,BK,X,1,RP,5.8,0.87
HIPS,5.96,322025.0,BK,X,1,RP,5.3,1.0
HIPS,5.8,335893.5,BK,X,1,RP,5.7,0.92
HIPS,6.2,284585.9,BK,X,1,RP,5.3,0.9
HIPS,6.0,316000.5,BK,X,1,RP,5.2,1.0
HIPS,6.6,310446.9,BK,X,1,RP,4.1,1.1
HIPS,6.4,313827.9,BK,X,1,RP,4.6,1.2
-,5.96,334221.0,BK,X,1,RP,5.3,1.0
HIPS,5.96,334221.0,BK,X,V,C,5.3,1.0
PP,33.0,189706.8,BK,INJ,1,RP,2.4,0.82
PP,25.55,152562.0,BK,HM,1,RP,4.7,2.0
PP,23.0,146835.8,BK,HM,1,RP,4.7,2.0
-,25.55,155425.0,BK,HM,1,RP,4.7,2.0
HIPS,6.0,277666.1,BK,X,1,RP,6.0,1.7
HIPS,5.43,284168.0,BK,X,1,RP,5.5,1.0
HIPS,6.8,283027.1,BK,X,1,RP,6.2,1.6
HIPS,5.6,291757.8,BK,X,1,RP,4.8,1.6
HIPS,4.3,285452.5,BK,X,1,RP,4.7,1.37
HIPS,4.6,282937.3,BK,X,1,RP,5.0,1.2
PP,13.52,142525.0,MIX,INJ,E,RG,1.5,1.0
PP,2.8,220503.5,MIX,EXT,1,RP,2.3,4.4
PP,2.9,218095.0,MIX,EXT,1,RP,2.4,4.0
PP,3.0,215685.8,MIX,EXT,1,RP,2.4,4.0
PP,34.0,241543.5,BK,INJ,1,RP,2.3,0.6
PP,33.0,225985.6,BK,INJ,1,RP,2.2,0.5
HIPS,5.6,301239.5,BK,X,1,RP,5.5,1.1
HIPS,5.63,309710.0,BK,X,1,RP,5.1,1.0
HIPS,5.0,301910.8,BK,X,1,RP,5.4,1.2
HIPS,6.12,325980.9,BK,X,1,RP,4.0,1.5
HIPS,6.6,341325.9,BK,X,1,RP,5.6,1.26
HIPS,6.44,348562.0,BK,X,1,RP,5.1,1.0
HIPS,6.7,351807.8,BK,X,1,RP,4.4,1.3
HIPS,6.3,352551.6,BK,X,1,RP,5.2,1.2
HIPS,6.0,326339.7,BK,X,1,RP,5.8,1.48
HIPS,6.9,326902.0,BK,X,1,RP,4.7,1.0
HIPS,7.0,330656.9,BK,X,1,RP,3.8,1.53
HIPS,6.6,323772.6,BK,X,1,RP,4.8,1.46
PP,26.0,155637.4,BK,HM,1,RP,4.8,0.98
HIPS,6.8,312078.0,BK,X,1,RP,5.6,1.0
HIPS,7.6,331197.6,BK,X,1,RP,5.1,1.3
HIPS,5.1,350810.2,BK,X,1,RP,8.0,1.0
HIPS,5.18,335700.0,BK,X,1,RP,8.2,1.0
HIPS,5.0,340914.3,BK,X,1,RP,8.4,0.96
HIPS,5.0,315374.3,BK,X,1,RP,8.4,1.0
PP,25.7,237483.7,BK,INJ,1,RP,1.35,0.66
PP,23.0,235031.9,BK,INJ,1,RP,1.3,0.6
PP,30.44,244016.0,BK,INJ,1,RP,1.8,1.0
PP,35.0,260601.2,BK,INJ,1,RP,1.6,0.54
PP,34.0,154457.7,BK,INJ,1,RP,3.4,1.1
PP,36.0,161955.0,BK,INJ,1,RP,3.7,1.0
PP,33.0,161908.1,BK,INJ,1,RP,3.2,1.0
PP,30.0,154636.3,BK,INJ,1,RP,4.3,1.0
PP,41.0,175335.4,BK,INJ,1,RP,3.7,0.83
PP,37.0,157622.6,BK,INJ,1,RP,4.0,1.1
PP,56.0,155514.9,BK,INJ,1,RP,1.7,0.93
PP,56.0,155515.0,BK,INJ,1,RP,1.7,1.0
PP,42.0,152463.2,BK,INJ,1,RP,2.5,0.94
PP,46.9,147532.0,BK,INJ,1,RP,2.4,1.0
PP,42.0,142600.7,BK,INJ,1,RP,3.2,1.06
PP,34.68,151384.0,BK,INJ,1,RP,3.2,1.0
PP,34.0,151384.1,BK,INJ,1,RP,3.4,1.0
ABS,5.0,337210.5,BK,X,1,RP,3.3,2.6
ABS,4.63,337280.0,BK,X,1,RP,3.1,3.0
ABS,4.4,337349.0,BK,X,1,RP,3.1,2.7
ABS,3.6,328128.5,BK,X,1,RP,1.9,2.4
ABS,4.13,324692.0,BK,X,1,RP,2.4,3.0
PPH,45.0,193057.6,BK,HM,1,RP,2.3,0.45
PPH,57.0,190610.9,BK,HM,1,RP,2.4,0.52
PPH,50.0,188771.7,BK,HM,1,RP,1.9,0.6
PPH,68.0,185242.8,BK,HM,1,RP,1.5,0.45
PP,36.0,222182.8,BK,HM,1,RP,1.38,0.67
PP,20.0,178325.6,BK,INJ,1,RP,3.3,6.7
PP,19.17,184693.0,BK,INJ,1,RP,3.7,5.0
PP,18.5,191059.9,BK,INJ,1,RP,4.0,3.4
PP,38.0,164136.4,BK,INJ,1,RP,4.0,0.7
PP,38.0,165586.8,BK,INJ,1,RP,4.0,1.0
PP,21.0,168092.5,BK,INJ,1,RP,5.68,1.53
PP,24.63,158461.0,BK,INJ,1,RP,6.6,2.0
PP,24.0,156464.4,BK,INJ,1,RP,5.6,2.45
PPH,34.25,164544.0,BK,HM,1,RP,2.4,1.0
PPH,35.0,132814.6,BK,HM,1,RP,2.4,0.6
PP,23.0,124150.3,BK,INJ,1,RP,3.3,1.0
PP,22.0,123620.0,BK,INJ,1,RP,3.2,1.0
PP,21.0,123088.8,BK,INJ,1,RP,3.1,1.1
PPH,40.0,180854.7,BK,HM,1,RP,2.6,0.6
PPH,42.0,181371.4,BK,HM,1,RP,2.4,0.44
PPH,42.0,183276.6,BK,HM,1,RP,2.0,0.6
PPH,68.0,193459.9,BK,HM,1,RP,1.6,0.48
PPH,78.0,188300.5,BK,HM,1,RP,2.2,0.6
PPH,76.6,187733.0,BK,HM,1,RP,2.3,1.0
PPH,70.0,187164.6,BK,HM,1,RP,2.8,0.6
PPH,53.67,191685.0,BK,HM,1,RP,1.8,1.0
PPH,54.0,191684.6,BK,HM,1,RP,1.8,0.59
HIPS,5.8,376782.6,BK,INJ,1,RP,6.0,5.4
PPH,32.0,198524.0,BK,HM,1,RP,1.8,0.6
PPH,30.5,195861.0,BK,HM,1,RP,2.1,1.0
PPH,30.0,175987.1,BK,HM,1,RP,2.0,0.5
PPH,30.0,203148.4,BK,HM,1,RP,2.0,0.54
PPH,30.0,205783.1,BK,HM,1,RP,2.4,0.58
PPH,28.0,232121.3,BK,HM,1,RP,1.6,0.6
PPH,40.0,231782.0,BK,HM,1,RP,3.6,0.55
PPH,35.27,234099.0,BK,HM,1,RP,2.2,1.0
PPH,44.5,224347.3,BK,HM,1,RP,1.8,0.59
PP,30.0,183922.6,BK,INJ,1,RP,2.5,0.83
PP,44.0,182986.9,BK,INJ,1,RP,3.2,0.77
PPH,32.26,161727.0,BK,HM,1,RP,2.8,1.0
PPH,30.0,152060.4,BK,HM,1,RP,2.8,1.0
PP,30.0,165028.1,BK,INJ,1,RP,2.0,0.6
PP,41.57,168634.0,BK,INJ,1,RP,2.6,1.0
PP,36.0,172240.7,BK,INJ,1,RP,2.8,0.6
PP,34.0,176396.9,BK,HM,1,RP,4.1,0.6
PP,70.0,65624.04,BK,HM,1,RP,14.0,8.0
HIPS,7.9,282895.8,BK,X,S,RP,3.2,1.9
HIPS,6.52,287573.0,BK,X,S,RP,2.9,2.0
HIPS,6.0,292250.8,BK,X,S,RP,2.3,1.99
PP,0.75,188329.8,BK,EXT,1,RP,1.0,16.0
PP,0.75,188330.0,BK,EXT,1,RP,1.0,16.0
PPH,60.0,202061.7,BK,HM,1,RP,5.0,0.9
PP,25.76,186836.5,BK,INJ,1,RP,4.64,0.88
PP,104.0,148408.6,BK,HM,1,RP,1.2,1.01
PP,96.0,143659.1,BK,HM,1,RP,0.1,1.22
PP,63.82,136029.0,BK,HM,1,RP,1.5,1.0
PP,64.0,143679.1,BK,HM,1,RP,1.3,0.8
PP,65.0,128379.9,BK,HM,1,RP,2.1,1.1
PP,16.0,149627.6,BK,HM,1,RP,2.2,1.1
PP,20.0,228854.5,MIX,INJ,E,RG,0.8,0.9
PP,24.75,182579.0,BK,INJ,1,RP,5.5,1.0
PPH,37.56,205925.0,BK,HM,1,RP,3.83,0.58
PPH,20.0,181424.8,BK,HM,1,RP,2.3,1.0
PPH,21.0,191810.6,BK,HM,1,RP,1.6,0.61
PPH,26.1,188464.0,BK,HM,1,RP,1.8,1.0
PPH,33.0,192155.6,BK,HM,1,RP,1.0,0.49
PP,27.0,261391.8,BK,INJ,1,RP,7.2,0.8
PP,17.0,251927.5,BK,INJ,1,RP,8.0,0.8
PP,15.0,238192.3,BK,INJ,1,RP,9.1,0.82
PP,18.36,241408.0,BK,INJ,1,RP,8.5,1.0
PP,36.0,216472.0,BK,INJ,1,RP,9.7,0.63
PP,30.0,219271.6,BK,INJ,1,RP,9.5,0.67
-,6.52,287573.0,BK,X,S,RP,2.9,2.0
PP,15.0,176439.2,BK,HM,1,RP,1.0,1.2
PP,15.14,168438.0,BK,HM,1,RP,1.6,1.0
PP,16.0,179246.0,BK,HM,1,RP,1.1,1.0
PS,4.3,362666.4,MIX,EXT,1,RP,0.6,0.62
PS,4.17,360638.0,MIX,EXT,1,RP,0.5,1.0
PS,4.0,358610.0,MIX,EXT,1,RP,0.4,0.76
HIPS,5.6,379718.6,BK,X,1,RP,10.0,0.76
HIPS,6.48,359631.0,BK,X,1,RP,6.1,1.0
HIPS,5.8,405929.9,BK,X,1,RP,9.6,0.85
HIPS,8.0,386417.4,BK,X,1,RP,2.6,0.99
HIPS,7.3,377228.9,BK,X,1,RP,4.4,1.1
HIPS,5.7,347376.8,BK,X,1,RP,3.9,1.4
HIPS,7.0,330758.2,BK,X,1,RP,2.4,1.2
HIPS,6.6,333482.3,BK,X,1,RP,4.0,1.4
-,6.48,364051.0,BK,X,1,RP,6.1,1.0
HIPS,6.48,364051.0,BK,X,X,C,6.2,1.0
PPH,30.0,222028.7,BK,HM,1,RP,1.4,0.56
PPH,38.0,224867.4,BK,HM,1,RP,1.6,0.46
PP,29.0,99269.84,BK,INJ,1,RP,6.0,1.13
PP,29.11,97212.0,BK,INJ,1,RP,5.9,1.0
PP,28.0,98492.25,BK,INJ,1,RP,5.9,1.17
HIPS,11.0,310494.3,BK,INJ,1,RP,3.9,1.3
HIPS,9.3,306050.3,BK,INJ,1,RP,3.6,1.67
HIPS,9.15,306761.0,BK,INJ,1,RP,3.9,2.0
HIPS,9.5,306909.1,BK,INJ,1,RP,4.4,1.6
PP,39.0,145213.4,BK,HM,1,RP,3.2,0.52
PP,39.0,153170.0,BK,HM,1,RP,2.2,1.0
PP,31.0,159052.7,BK,HM,1,RP,1.4,0.64
PP,36.0,167781.8,BK,HM,1,RP,2.4,0.74
PP,28.0,197709.1,BK,HM,1,RP,2.6,0.54
PP,29.0,167446.3,BK,HM,1,RP,2.5,0.5
PP,34.0,199687.7,BK,HM,1,RP,2.0,0.52
PP,25.0,158742.7,BK,INJ,1,RP,9.1,1.7
HIPS,4.18,308237.0,BK,X,1,RP,6.6,1.0
HIPS,4.2,306299.5,BK,X,1,RP,5.8,1.2
PP,37.17,185585.0,BK,HM,1,RP,2.5,1.0
PP,36.0,168175.6,BK,HM,1,RP,2.4,0.6
PP,29.0,176272.2,BK,HM,1,RP,2.5,0.6
PP,37.0,165834.2,BK,HM,1,RP,1.7,0.48
PP,46.0,154267.7,BK,HM,1,RP,1.5,0.58
PP,42.0,153001.3,BK,HM,1,RP,1.8,0.63
HIPS,3.8,289692.4,BK,X,1,RP,7.2,2.0
HIPS,4.32,296471.0,BK,X,1,RP,6.1,2.0
HIPS,4.2,289434.9,BK,X,1,RP,7.5,2.2
HIPS,4.9,309156.0,BK,X,1,RP,5.88,2.03
PP,28.0,152455.3,BK,INJ,1,RP,1.8,1.08
PP,29.54,150314.0,BK,INJ,1,RP,0.9,1.0
PP,21.69,154099.0,BK,INJ,1,RP,2.0,1.0
PP,22.0,155580.9,BK,INJ,1,RP,0.94,1.16
PP,20.0,156619.6,BK,INJ,1,RP,2.5,1.63
PP,18.4,152425.3,BK,INJ,1,RP,1.8,1.7
PP,20.0,114939.6,BK,INJ,S,RP,1.2,12.4
PP,19.8,112832.0,BK,INJ,S,RP,2.4,12.0
PP,19.0,108178.2,BK,INJ,S,RP,3.5,12.4
PP,20.0,115377.3,BK,INJ,S,RP,2.4,12.4
PP,26.0,134819.3,BK,INJ,1,RP,1.1,2.6
PP,25.5,135667.0,BK,INJ,1,RP,1.3,2.0
PP,24.0,134121.6,BK,INJ,1,RP,1.0,2.3
PP,26.0,138059.7,BK,INJ,1,RP,1.3,1.7
PP,56.0,147310.4,BK,HM,1,RP,1.6,0.53
PP,46.5,143028.0,BK,HM,1,RP,1.5,1.0
PP,49.0,146472.7,BK,HM,1,RP,1.3,0.5
PP,31.0,135302.0,BK,HM,1,RP,1.7,0.72
PP,20.0,147076.0,BK,INJ,1,RP,1.4,2.0
PP,20.0,147075.8,BK,INJ,1,RP,1.4,1.95
PP,13.0,85334.75,BK,INJ,1,RP,5.2,8.3
PP,40.0,158202.5,BK,HM,1,RP,2.9,1.0
PP,30.0,157333.2,BK,HM,1,RP,1.8,0.8
PP,41.5,162342.0,BK,HM,1,RP,1.9,1.0
PP,31.0,154273.1,BK,HM,1,RP,1.9,0.77
PP,29.0,87627.19,BK,INJ,1,RP,6.1,1.45
PP,32.0,94744.1,BK,INJ,1,RP,6.1,1.4
PP,31.0,105929.1,BK,INJ,1,RP,6.0,1.1
PPH,45.0,245679.0,BK,HM,1,RP,18.0,0.44
PPH,43.0,233371.8,BK,HM,1,RP,11.0,0.43
HIPS,5.9,349111.0,BK,X,1,RP,15.0,0.46
HIPS,8.4,298428.6,BK,X,1,RP,5.1,1.6
HIPS,5.1,344786.1,BK,X,1,RP,4.2,1.08
HIPS,4.9,335208.0,BK,X,1,RP,4.1,1.0
HIPS,5.0,350602.1,BK,X,1,RP,5.7,0.7
PP,26.0,135344.8,BK,INJ,1,RP,1.6,1.4
PP,15.8,149336.0,BK,INJ,1,RP,1.3,1.0
PP,15.0,152160.0,BK,INJ,1,RP,1.2,1.2
PP,14.0,160502.0,BK,INJ,1,RP,1.3,1.14
PP,36.0,168715.8,BK,INJ,1,RP,1.7,1.1
PP,32.8,170263.0,BK,INJ,1,RP,1.3,1.0
PP,29.0,172403.1,BK,INJ,1,RP,1.46,1.0
PP,43.0,169669.4,BK,INJ,1,RP,1.3,1.2
PP,35.0,195041.7,BK,HM,1,RP,2.1,0.56
PP,13.4,166646.6,BK,INJ,1,RP,0.2,2.36
PP,12.27,158168.0,BK,INJ,1,RP,0.5,4.0
PP,13.0,151878.5,BK,INJ,1,RP,0.5,10.81
PP,31.0,152381.6,BK,INJ,1,RP,2.0,0.75
PP,20.0,137265.7,BK,INJ,1,RP,3.6,2.1
HIPS,4.3,329032.6,BK,X,1,RP,4.1,1.2
HIPS,4.5,328736.0,BK,X,1,RP,4.3,1.0
HIPS,4.7,328440.2,BK,X,1,RP,4.4,1.3
-,4.5,328736.0,BK,X,1,RP,4.3,1.0
HIPS,6.2,304493.1,BK,X,S,RP,3.0,1.7
HIPS,6.79,300765.0,BK,X,S,RP,2.5,2.0
HIPS,6.2,297037.0,BK,X,S,RP,2.5,1.8
-,6.79,300765.0,BK,X,S,RP,2.5,2.0
HIPS,4.2,277709.4,MIX,X,1,RP,3.3,2.27
HIPS,4.17,276720.0,MIX,X,1,RP,3.1,2.0
HIPS,4.0,274738.7,MIX,X,1,RP,3.1,2.28
PP,19.5,153602.0,BK,INJ,1,RP,6.3,1.0
PP,20.0,153601.9,BK,INJ,1,RP,6.4,1.2
HIPS,6.2,346112.6,BK,X,1,RP,3.8,1.47
HIPS,7.01,346359.0,BK,X,1,RP,3.3,1.0
HIPS,6.1,353805.2,BK,X,1,RP,3.3,1.3
HIPS,6.0,333689.2,BK,X,1,RP,3.2,1.55
HIPS,6.2,341540.7,BK,X,1,RP,3.1,1.5
HIPS,8.0,362553.3,BK,X,1,RP,2.78,0.97
HIPS,8.0,340454.7,BK,X,1,RP,2.7,1.43
HIPS,4.1,284887.8,BK,X,1,RP,7.4,1.46
HIPS,5.18,298371.0,BK,X,1,RP,8.4,2.0
HIPS,6.2,294976.5,BK,X,1,RP,9.0,1.73
HIPS,4.5,299725.1,BK,X,1,RP,8.2,1.6
HIPS,5.3,313896.1,BK,X,1,RP,8.6,1.71
HIPS,4.1,277710.7,MIX,X,1,RP,3.0,2.5
PP,70.0,182387.5,BK,INJ,1,RP,8.6,0.82
PP,41.99,193866.0,BK,INJ,1,RP,8.6,1.0
PP,39.0,196385.6,BK,INJ,1,RP,9.4,0.9
PP,39.0,191589.8,BK,INJ,1,RP,8.5,0.98
PP,40.0,194346.6,BK,INJ,1,RP,8.7,0.9
-,42.16,188825.0,BK,INJ,1,RP,8.6,1.0
HIPS,6.3,311189.8,BK,X,S,RP,4.6,1.05
HIPS,6.3,310981.0,BK,X,S,RP,4.1,1.0
HIPS,6.0,310772.5,BK,X,S,RP,4.5,1.5
HIPS,4.6,304664.5,BK,X,1,RP,6.0,1.4
PP,22.0,178762.5,BK,HM,CH,RP,6.3,1.1
PP,28.0,167619.1,BK,HM,1,RP,1.9,0.92
PP,31.25,185245.0,BK,HM,1,RP,1.8,1.0
PP,38.0,191596.0,BK,HM,1,RP,9.9,0.94
PS,4.14,329941.0,MIX,X,1,RP,0.5,1.24
PS,4.78,334122.0,MIX,X,1,RP,0.9,1.0
PS,4.2,338303.4,MIX,X,1,RP,1.0,0.82
HIPS,6.88,342576.0,BK,X,1,RP,2.8,1.0
HIPS,7.6,346889.4,BK,X,1,RP,3.1,1.2
HIPS,8.4,348593.8,BK,X,1,RP,3.5,1.11
HIPS,7.12,341845.6,BK,X,1,RP,2.15,1.17
HIPS,7.2,339262.6,BK,X,1,RP,3.0,1.1
HIPS,6.5,336971.4,BK,X,1,RP,1.63,1.44
PP,40.41,190574.0,BK,HM,1,RP,2.6,1.0
PP,41.0,198382.7,BK,HM,1,RP,3.0,0.6
PP,49.2,187693.0,BK,HM,1,RP,1.2,0.6
HIPS,5.7,283050.8,BK,X,S,RP,4.1,1.83
HIPS,6.18,284044.0,BK,X,S,RP,3.4,2.0
HIPS,6.3,285037.5,BK,X,S,RP,3.6,2.02
PP,20.67,186886.0,BK,INJ,1,RP,4.7,1.0
PP,27.0,178935.4,BK,INJ,1,RP,5.0,0.6
PP,34.5,155222.7,BK,HM,1,RP,3.8,1.1
PP,35.0,189955.3,BK,HM,1,RP,3.1,0.69
PP,39.01,191821.0,BK,HM,1,RP,2.7,1.0
PP,37.0,195721.0,BK,HM,1,RP,2.6,0.51
PP,40.0,189958.0,BK,HM,1,RP,3.1,0.53
PP,36.0,191651.6,BK,HM,1,RP,2.7,0.49
HIPS,3.1,277720.9,BK,X,1,RP,1.8,1.11
HIPS,3.1,277206.4,BK,X,1,RP,2.0,1.16
PP,30.65,163291.0,BK,HM,1,RP,3.6,1.0
HIPS,7.1,354535.0,BK,X,1,RP,3.9,1.16
HIPS,6.79,349385.0,BK,X,1,RP,3.1,1.0
HIPS,7.0,353083.6,BK,X,1,RP,4.4,1.1
HIPS,7.64,341155.5,BK,X,1,RP,2.34,1.49
HIPS,7.0,346210.0,BK,X,1,RP,4.1,1.3
HIPS,7.2,348793.1,BK,X,1,RP,4.0,1.55
HIPS,6.0,342270.5,BK,X,1,RP,2.0,1.2
PP,34.3,153914.1,BK,HM,1,RP,1.5,0.88
PP,32.89,155778.0,BK,HM,1,RP,1.7,1.0
PP,34.2,157880.9,BK,HM,1,RP,1.06,0.83
PP,32.0,155537.6,BK,HM,1,RP,2.0,0.89
PP,40.0,178698.0,BK,HM,1,RP,2.9,0.77
PP,28.0,168939.3,BK,HM,1,RP,1.3,0.78
PP,32.17,171393.0,BK,HM,1,RP,1.7,1.0
PP,28.0,175394.0,BK,HM,1,RP,1.79,0.6
ABS,4.17,369888.0,BK,X,1,RP,1.7,2.0
PP,36.0,246366.0,BK,HM,1,RP,1.9,1.92
PP,45.56,245572.0,BK,HM,1,RP,1.6,1.0
PP,37.0,244777.5,BK,HM,1,RP,1.7,0.78
PP,18.0,232012.5,BK,INJ,1,RP,0.8,5.65
PP,20.0,231148.0,BK,INJ,1,RP,11.2,6.0
PP,21.0,230283.7,BK,INJ,1,RP,15.8,5.71
ABS,0.89,262392.2,BK,EXT,S,RP,1.5,7.13
ABS,0.95,292598.0,BK,EXT,S,RP,1.4,7.0
ABS,0.97,266322.5,BK,EXT,S,RP,1.3,6.92
ABS,0.98,349080.7,BK,EXT,S,RP,1.3,6.0
HIPS,6.24,374358.1,BK,X,1,RP,2.8,1.21
HIPS,7.11,365783.0,BK,X,1,RP,2.6,1.0
HIPS,7.4,367693.2,BK,X,1,RP,2.8,1.55
HIPS,7.8,355296.8,BK,X,1,RP,2.4,1.3
PP,35.0,209315.3,BK,HM,1,RP,1.8,1.0
PP,20.0,155261.2,BK,HM,1,RP,1.7,1.73
PP,21.77,167061.0,BK,HM,1,RP,0.9,2.0
PP,24.0,158470.6,BK,HM,1,RP,1.1,1.69
PP,31.88,165435.0,BK,INJ,1,RP,1.9,1.0
PP,22.0,182385.1,MIX,INJ,1,RG,0.3,0.85
PP,8.0,156483.3,BK,INJ,1,RP,9.0,2.32
PP,8.0,156483.0,BK,INJ,1,RP,9.0,2.0
PP,40.0,178012.2,BK,INJ,1,RP,1.6,0.77
PP,19.0,138549.8,BK,INJ,1,RP,3.0,0.9
PP,19.0,168784.3,BK,INJ,1,RP,6.0,0.73
PP,17.6,169567.0,BK,INJ,1,RP,7.7,0.9
PP,19.2,159056.0,BK,INJ,1,RP,7.4,1.0
PP,20.0,159322.6,BK,INJ,1,RP,8.3,0.92
PP,40.0,222379.2,BK,INJ,1,RP,4.4,0.7
PP,37.5,217924.0,BK,INJ,1,RP,3.7,1.0
PP,40.0,220350.0,BK,INJ,1,RP,3.0,0.65
PP,42.0,211041.9,BK,INJ,1,RP,4.4,0.6
PP,5.2,38995.24,BK,OFF,1,RP,0.8,9.52
PP,3.81,59338.0,BK,OFF,1,RP,1.3,12.0
PP,3.2,73247.88,BK,OFF,1,RP,1.1,12.93
PP,3.6,74507.73,BK,OFF,1,RP,1.5,12.0
PP,19.0,156339.8,MIX,INJ,1,RG,6.9,1.01
PP,36.0,165189.3,BK,HM,1,RP,3.2,0.74
PPH,3.0,325479.0,MIX,OFF,1,RP,1.3,0.95
PPH,3.0,325479.0,MIX,OFF,1,RP,1.3,1.0
PP,21.0,164210.2,BK,INJ,1,RP,5.6,1.0
PP,25.0,167140.5,BK,INJ,1,RP,5.8,0.97
PP,41.63,179086.0,BK,INJ,1,RP,6.5,1.0
PP,38.0,181470.0,BK,INJ,1,RP,6.3,1.0
PP,40.0,184518.4,BK,INJ,1,RP,5.8,0.9
PP,26.0,142860.8,BK,INJ,1,RP,7.4,1.56
PPH,3.9,218101.0,MIX,OFF,1,RP,5.0,1.0
PPH,6.0,225667.4,MIX,OFF,1,RP,1.2,0.75
ABS,3.3,335920.7,BK,X,1,RP,2.2,1.57
ABS,3.4,336547.0,BK,X,1,RP,1.9,2.0
ABS,3.5,337172.4,BK,X,1,RP,1.6,1.64
PPH,24.0,174307.9,BK,INJ,1,RP,3.4,0.49
PPH,21.0,170162.8,BK,INJ,1,RP,4.2,0.64
PPH,30.0,169744.5,BK,INJ,1,RP,3.0,0.5
PPH,25.0,171405.0,BK,INJ,1,RP,4.2,1.0
HIPS,5.6,322989.5,BK,X,S,RP,4.3,0.64
HIPS,5.35,347004.0,BK,X,S,RP,4.6,1.0
HIPS,5.3,321798.2,BK,X,S,RP,3.9,0.69
HIPS,5.3,375332.3,BK,X,S,RP,4.2,0.73
-,5.35,347004.0,BK,X,S,RP,4.6,1.0
PP,35.0,186028.0,BK,HM,1,RP,5.0,0.6
PP,17.0,198710.8,MIX,INJ,1,RP,8.8,0.84
PPH,36.0,206740.7,BK,INJ,1,RP,3.1,0.59
PP,18.0,118844.8,BK,INJ,1,RP,5.6,2.34
PPH,35.0,195763.0,BK,INJ,1,RP,3.0,1.0
PPH,34.0,185214.9,BK,INJ,1,RP,3.0,0.64
PPH,35.0,195333.4,BK,INJ,1,RP,3.0,0.6
PP,35.0,200244.0,BK,HM,1,RP,4.5,0.84
PP,15.0,222576.6,MIX,INJ,1,RG,1.4,1.1
PPH,29.0,162507.4,BK,INJ,1,RP,3.2,0.76
PPH,33.0,168110.7,BK,INJ,1,RP,3.4,0.7
PPH,33.25,160427.0,BK,INJ,1,RP,3.2,1.0
PPH,32.0,150663.7,BK,INJ,1,RP,3.1,0.61
HIPS,10.0,287024.0,BK,X,1,RP,5.3,1.59
HIPS,11.0,309514.6,BK,X,1,RP,5.7,1.6
HIPS,9.7,303065.0,BK,X,1,RP,5.7,2.0
HIPS,10.0,312656.2,BK,X,1,RP,5.8,1.69
HIPS,7.0,311788.0,BK,X,1,RP,3.9,1.52
HIPS,6.74,313084.0,BK,X,1,RP,5.3,1.0
HIPS,6.5,312102.8,BK,X,1,RP,5.4,1.45
HIPS,6.5,316146.6,BK,X,1,RP,5.5,1.5
HIPS,7.0,320083.5,BK,X,1,RP,5.8,1.52
HIPS,6.6,308501.4,BK,X,1,RP,5.2,1.2
HIPS,6.5,309883.8,BK,X,1,RP,5.1,1.3
PPH,34.0,136720.3,BK,INJ,1,RP,2.4,0.72
PPH,34.8,147550.0,BK,INJ,1,RP,2.7,1.0
PPH,33.0,145798.5,BK,INJ,1,RP,2.6,0.73
PPH,35.0,160132.0,BK,INJ,1,RP,2.9,0.65
HIPS,7.0,315411.1,BK,X,1,RP,5.0,1.6
HIPS,6.4,298317.3,BK,X,S,RP,4.3,1.6
HIPS,6.56,300732.0,BK,X,S,RP,3.5,2.0
HIPS,6.6,303145.8,BK,X,S,RP,4.7,1.7
PP,13.0,152332.3,BK,INJ,1,RP,2.4,10.59
PP,14.0,150782.7,BK,INJ,1,RP,4.7,10.38
PP,25.0,137932.0,BK,INJ,1,RP,2.3,11.14
PP,22.03,152609.0,BK,INJ,1,RP,2.2,10.0
PP,20.0,153855.0,BK,INJ,1,RP,2.3,10.0
HIPS,6.6,303850.1,BK,X,S,RP,4.3,1.5
HIPS,6.59,300131.0,BK,X,S,RP,3.9,1.0
HIPS,6.3,296412.0,BK,X,S,RP,4.1,1.4
PPH,30.0,200891.4,BK,INJ,1,RP,1.8,0.6
PPH,30.5,200887.0,BK,INJ,1,RP,2.9,1.0
PPH,34.0,200883.2,BK,INJ,1,RP,2.0,0.65
ADDITIFS,2.4,139847.0,MIX,X,1,RG,0.6,3.82
ADDITIFS,2.4,139847.0,MIX,X,1,RG,0.6,4.0
HIPS,6.2,144304.5,BK,X,S,RP,3.0,1.9
HIPS,6.53,144998.0,BK,X,S,RP,3.5,2.0
HIPS,6.5,145691.9,BK,X,S,RP,3.4,1.99
ABS,1.7,351513.5,BK,X,1,RP,6.4,1.1
ABS,1.9,247493.5,BK,X,1,RP,7.7,0.79
ABS,1.73,299503.0,BK,X,1,RP,7.0,1.0
HIPS,5.6,351207.3,BK,X,1,RP,3.2,0.94
HIPS,4.16,296726.0,BK,X,1,RP,2.8,1.0
HIPS,4.4,303432.8,BK,X,1,RP,2.8,0.97
HIPS,4.3,280188.8,BK,X,1,RP,2.9,1.1
PPH,1.8,107555.1,MIX,OFF,1,RP,3.8,6.2
PP,35.98,173014.0,BK,INJ,1,RP,3.6,2.0
PP,40.0,177634.1,BK,INJ,1,RP,3.8,0.63
PP,24.0,145680.9,BK,INJ,1,RP,3.3,3.5
PP,24.36,143053.0,BK,INJ,1,RP,3.2,5.0
PP,26.0,142174.3,BK,INJ,1,RP,3.5,3.18
PPH,23.0,249384.5,BK,INJ,1,RP,1.0,0.66
PPH,27.0,245257.6,BK,INJ,1,RP,1.2,0.6
PPH,31.0,215707.8,BK,INJ,1,RP,1.2,0.66
PP,34.0,166786.5,BK,HM,1,RP,4.2,0.8
PP,18.94,169247.0,BK,INJ,1,RP,6.9,11.0
PP,21.0,180660.0,BK,INJ,1,RP,7.4,9.88
PP,38.87,134979.0,BK,INJ,1,RP,6.4,7.0
PP,37.0,152323.3,BK,INJ,1,RP,6.0,3.1
PP,15.3,149722.5,BK,INJ,1,RP,3.8,7.83
PP,18.9,140937.8,BK,INJ,1,RP,3.72,6.84
PP,18.14,145330.0,BK,INJ,1,RP,3.8,7.0
PP,20.4,185830.9,BK,INJ,1,RP,7.2,1.69
PS,4.5,290443.4,MIX,X,1,RP,0.29,0.72
PS,4.93,314017.0,MIX,X,1,RP,0.3,1.0
PS,4.7,331926.8,MIX,X,1,RP,0.51,0.95
PS,5.6,319680.5,MIX,X,1,RP,0.12,0.64
PP,18.0,146353.1,BK,INJ,1,RP,4.1,6.0
PP,18.0,155537.1,BK,INJ,1,RP,4.3,8.32
PP,17.79,150945.0,BK,INJ,1,RP,4.1,9.0
PP,21.75,147609.0,BK,INJ,1,RP,4.4,5.0
PP,21.0,158429.5,BK,INJ,1,RP,4.2,5.68
HIPS,6.8,335030.8,BK,X,1,RP,7.8,1.31
HIPS,7.39,322975.0,BK,X,1,RP,5.8,1.0
HIPS,7.8,335267.2,BK,X,1,RP,6.4,1.3
HIPS,7.4,359798.3,BK,X,1,RP,6.96,1.4
HIPS,7.1,386198.9,BK,X,1,RP,6.4,1.3
HIPS,7.62,334165.0,BK,X,1,RP,6.32,1.3
HIPS,7.1,136817.3,BK,X,1,RP,3.91,1.45
HIPS,7.18,348297.7,BK,X,1,RP,5.64,1.51
HIPS,7.0,328424.1,BK,X,1,RP,5.5,1.42
-,7.39,345173.0,BK,X,1,RP,5.8,1.0
PPH,36.6,198809.0,BK,INJ,1,RP,6.4,1.0
PP,44.0,168910.7,BK,INJ,1,RP,10.5,3.32
PP,24.0,183636.4,BK,INJ,1,RP,8.6,2.13
PP,25.55,183636.0,BK,INJ,1,RP,8.6,2.0
PP,26.0,185054.5,BK,INJ,1,RP,9.7,2.8
PP,22.56,173849.0,BK,INJ,1,RP,8.7,2.0
PP,24.0,173219.9,BK,INJ,1,RP,9.0,2.192
PP,25.15,170466.0,BK,INJ,1,RP,9.2,1.0
PP,26.3,170466.3,BK,INJ,1,RP,9.2,1.4
HIPS,5.3,293568.4,BK,X,1,RP,4.25,1.82
HIPS,4.84,295314.0,BK,X,1,RP,4.9,2.0
HIPS,4.4,297134.4,BK,X,1,RP,4.7,1.69
PPH,26.0,171481.9,BK,HM,1,RP,2.1,0.82
PPH,27.0,179855.4,BK,HM,1,RP,2.0,0.68
PPH,32.25,176217.0,BK,HM,1,RP,2.1,1.0
PPH,42.2,177312.8,BK,HM,1,RP,2.04,0.713
HIPS,7.4,360369.2,BK,X,1,RP,9.9,0.9
HIPS,7.1,347779.7,BK,X,1,RP,9.4,1.0
HIPS,7.8,327035.5,BK,X,1,RP,7.2,1.11
HIPS,7.5,342879.5,BK,X,1,RP,7.0,1.13
HIPS,7.69,348164.0,BK,X,1,RP,6.5,1.0
HIPS,7.87,346865.3,BK,X,1,RP,4.8,1.36
HIPS,7.88,362665.5,BK,X,1,RP,4.5,0.878
HIPS,8.0,350517.1,BK,X,1,RP,5.1,1.0
-,7.69,346235.0,BK,X,1,RP,6.5,1.0
PP,35.2,188877.8,BK,HM,1,RP,2.2,0.83
HIPS,5.16,305753.0,BK,X,1,RP,4.4,1.41
PPH,30.0,182264.0,BK,HM,1,RP,2.5,0.62
PPH,31.0,182337.6,BK,HM,1,RP,2.8,0.6
PPH,29.5,180155.0,BK,HM,1,RP,2.7,1.0
PPH,29.52,175863.0,BK,HM,1,RP,2.4,0.55
HIPS,6.7,297609.0,BK,X,S,RP,4.7,1.49
HIPS,7.12,285204.0,BK,X,S,RP,4.8,1.0
HIPS,6.1,272799.6,BK,X,S,RP,4.5,1.4
PPH,31.0,158453.2,BK,HM,1,RP,2.75,0.61
PPH,30.93,165895.0,BK,HM,1,RP,2.3,1.0
PPH,30.0,157035.7,BK,HM,1,RP,2.62,0.6
PPH,30.7,182195.1,BK,HM,1,RP,1.95,0.84
PP,34.0,180751.6,BK,HM,1,RP,2.3,0.77
HIPS,8.7,273764.1,BK,X,1,RP,4.3,1.4
HIPS,9.97,281583.0,BK,X,1,RP,4.8,1.0
HIPS,9.9,274323.1,BK,X,1,RP,4.2,1.3
HIPS,11.0,300309.6,BK,X,1,RP,5.88,1.2
HIPS,9.6,277935.3,BK,X,1,RP,5.0,1.3
PPH,29.0,151093.0,BK,HM,1,RP,2.46,0.61
PPH,38.8,175946.0,BK,HM,1,RP,2.1,1.0
PPH,32.0,171360.6,BK,HM,1,RP,2.61,0.6
PPH,51.6,185372.3,BK,HM,1,RP,1.9,0.57
PPH,31.0,167650.6,BK,HM,1,RP,1.5,0.73
PPH,34.0,177806.0,BK,HM,1,RP,1.9,0.75
PPH,32.94,169871.0,BK,HM,1,RP,2.1,1.0
PP,34.0,180752.0,BK,HM,1,RP,2.3,1.0
HIPS,3.18,260550.5,BK,X,1,RP,2.95,1.36
HIPS,3.46,261808.0,BK,X,1,RP,3.3,1.0
PPH,28.0,186511.2,BK,INJ,1,RP,2.81,0.59
HIPS,7.1,283056.5,BK,X,S,RP,4.1,1.6
HIPS,6.29,277083.0,BK,X,S,RP,3.7,2.0
HIPS,6.8,271109.8,BK,X,S,RP,2.99,1.6
HIPS,5.06,296218.0,BK,X,1,RP,3.9,2.0
HIPS,4.1,292436.3,BK,X,1,RP,4.4,1.8
HIPS,5.9,289751.9,BK,X,1,RP,5.3,1.6
HIPS,5.67,288780.9,BK,X,1,RP,2.9,1.7
HIPS,7.4,268643.3,BK,X,S,RP,3.0,1.4
HIPS,5.84,270417.0,BK,X,S,RP,3.4,1.0
HIPS,7.0,272190.3,BK,X,S,RP,2.6,1.41
HIPS,9.3,282857.3,BK,X,1,RP,3.58,0.96
PP,19.14,148619.3,BK,INJ,1,RP,6.5,3.47
PP,27.0,156669.9,BK,INJ,1,RP,8.1,2.4
PP,28.0,152525.3,BK,INJ,1,RP,8.0,1.87
PP,27.49,147488.0,BK,INJ,1,RP,8.0,2.0
PP,32.8,135275.0,BK,INJ,1,RP,8.5,4.0
PP,33.0,130438.5,BK,INJ,1,RP,7.5,2.4
PP,25.0,134428.8,BK,INJ,1,RP,7.41,2.23
-,27.15,149354.0,BK,INJ,1,RP,8.0,2.0
PP,30.0,181695.2,BK,HM,1,RP,2.7,0.66
ABS,4.46,260250.0,BK,INJ,1,RP,3.4,3.0
HIPS,5.0,270045.4,BK,X,1,RP,2.9,1.94
HIPS,5.4,274329.0,BK,X,1,RP,3.0,1.0
HIPS,5.9,295178.2,BK,X,1,RP,4.8,1.05
HIPS,5.5,257762.8,BK,X,1,RP,2.6,1.21
PP,23.0,179233.0,BK,HM,1,RP,2.8,1.0
PP,22.88,184619.0,BK,HM,1,RP,2.3,1.0
PP,16.0,190004.1,BK,HM,1,RP,2.0,0.86
PP,20.5,147105.1,BK,HM,1,RP,2.8,1.6
PP,30.0,163057.6,BK,HM,1,RP,2.5,1.5
PP,13.6,240680.7,BK,INJ,1,RP,0.72,0.55
PP,18.05,238772.0,BK,INJ,1,RP,0.8,1.0
PP,14.6,236863.2,BK,INJ,1,RP,0.96,0.63
PP,25.0,233490.7,BK,INJ,1,RP,0.97,0.56
PP,23.0,234047.8,BK,INJ,1,RP,1.75,0.8
PP,22.32,211820.5,BK,INJ,1,RP,0.44,0.61
PP,41.9,179461.1,BK,HM,1,RP,11.2,1.82
PP,37.12,175527.0,BK,HM,1,RP,11.4,2.0
PP,35.7,182503.6,BK,HM,1,RP,10.4,2.1
PP,36.0,173879.7,BK,HM,1,RP,10.0,1.8
PP,38.0,178417.9,BK,HM,1,RP,11.2,2.0
PP,38.0,171285.2,BK,HM,1,RP,1.76,0.65
PP,37.49,169139.0,BK,HM,1,RP,1.9,1.0
PP,39.0,170724.5,BK,HM,1,RP,2.0,0.62
PP,40.0,176037.7,BK,HM,1,RP,2.0,0.64
HIPS,7.1,277199.2,BK,X,1,RP,5.5,1.6
PS,5.3,355603.2,MIX,X,1,RP,0.5,0.99
PS,5.03,367102.0,MIX,X,1,RP,0.5,1.0
PS,5.0,378600.4,MIX,X,1,RP,0.49,0.71
HIPS,5.7,291229.7,BK,X,1,RP,3.4,1.7
-,5.06,302516.0,BK,X,1,RP,3.9,2.0
PPH,41.0,182755.8,BK,HM,1,RP,2.1,0.8
PPH,35.47,177417.0,BK,HM,1,RP,2.4,1.0
PPH,34.0,182517.2,BK,HM,1,RP,3.0,0.91
HIPS,6.5,313757.7,BK,X,1,RP,5.7,1.63
HIPS,6.25,311247.0,BK,X,1,RP,4.9,2.0
HIPS,6.3,318252.6,BK,X,1,RP,5.4,1.64
HIPS,5.7,325669.9,BK,X,1,RP,5.0,1.51
HIPS,5.2,317191.3,BK,X,1,RP,4.2,1.8
HIPS,5.2,311227.9,BK,X,1,RP,5.0,1.79
PP,27.0,181142.5,BK,INJ,1,RP,3.2,1.3
PP,31.0,212016.6,BK,HM,1,RP,5.1,1.0
PP,30.5,209467.0,BK,HM,1,RP,5.1,1.0
HIPS,5.32,354204.6,BK,X,1,RP,4.28,1.68
HIPS,5.15,361864.0,BK,X,1,RP,4.5,2.0
HIPS,4.4,358570.3,BK,X,1,RP,4.4,1.69
HIPS,6.4,379075.0,BK,X,1,RP,5.3,1.23
PPH,34.25,192033.0,BK,HM,1,RP,1.4,1.0
PPH,32.0,178717.1,BK,HM,1,RP,1.2,0.75
ABS,2.76,342668.2,BK,X,S,RP,3.23,3.01
ABS,3.06,344825.0,BK,X,S,RP,2.9,3.0
ABS,2.76,350248.6,BK,X,S,RP,3.1,2.96
ABS,2.8,360691.6,BK,X,S,RP,3.03,3.27
PPH,34.0,165553.1,BK,HM,1,RP,1.85,0.71
PPH,42.84,182345.0,BK,HM,1,RP,1.7,1.0
PPH,58.0,196915.0,BK,HM,1,RP,1.8,0.51
PPH,39.8,184567.6,BK,HM,1,RP,1.6,0.71
PP,22.0,161637.6,BK,INJ,1,RP,3.6,11.3
PP,24.0,160173.6,BK,INJ,1,RP,3.66,12.08
PP,25.8,150921.8,BK,INJ,1,RP,4.0,11.55
PP,23.6,146926.1,BK,INJ,1,RP,3.92,11.3
PP,35.6,177803.1,MIX,INJ,1,RG,3.0,1.35
PPH,32.4,198970.5,BK,HM,1,RP,2.4,0.52
PPH,31.0,205936.1,BK,HM,1,RP,1.9,0.52
PPH,32.0,199840.1,BK,HM,1,RP,1.7,0.51
PP,28.0,176964.4,BK,INJ,1,RP,2.7,1.22
PP,26.0,175770.5,BK,INJ,1,RP,2.22,1.55
PP,22.47,171224.0,BK,INJ,1,RP,2.5,1.0
PP,25.3,176012.5,BK,INJ,1,RP,1.28,1.3
PP,22.68,173802.2,BK,INJ,1,RP,0.97,1.29
PP,19.0,160009.0,BK,INJ,1,RP,1.85,1.47
PP,26.7,168582.1,BK,INJ,1,RP,1.78,1.37
PP,21.0,121567.7,BK,INJ,S,RP,2.2,11.66
PP,19.41,132122.0,BK,INJ,S,RP,2.2,12.0
PP,18.85,140906.3,BK,INJ,S,RP,2.83,12.21
PPH,38.44,185236.5,BK,HM,1,RP,1.92,0.55
PP,4.6,183921.0,BK,INJ,1,RP,1.46,12.0
PP,4.88,171263.9,BK,INJ,1,RP,1.94,12.63
PP,12.88,140617.2,BK,INJ,1,RP,3.45,13.27
PP,10.82,134229.5,BK,INJ,1,RP,3.75,14.0
-,22.47,175892.0,BK,INJ,1,RP,2.5,1.0
PP,39.0,146229.1,BK,HM,1,RP,2.3,0.85
PP,47.0,146711.6,BK,HM,1,RP,1.8,0.94
PP,48.91,152192.0,BK,HM,1,RP,2.4,1.0
PP,35.4,172250.6,BK,HM,1,RP,2.4,0.99
PP,69.02,143577.9,BK,HM,1,RP,2.6,0.99
PP,34.0,209199.6,BK,HM,1,RP,2.2,0.77
PP,34.0,209200.0,BK,HM,1,RP,2.2,1.0
PP,22.0,163667.0,BK,INJ,1,RP,3.1,1.2
PP,20.0,185414.4,BK,INJ,1,RP,6.4,1.37
PP,24.5,169792.8,BK,INJ,1,RP,6.93,1.8
PP,22.68,177604.0,BK,INJ,1,RP,6.6,2.0
PP,31.0,175946.7,BK,HM,1,RP,6.8,1.14
PPH,31.0,150258.5,BK,HM,1,RP,3.0,0.88
PPH,35.72,156445.0,BK,HM,1,RP,1.8,1.0
PPH,48.0,168058.7,BK,HM,1,RP,1.6,0.55
PPH,42.0,151018.2,BK,HM,1,RP,1.8,0.62
PPH,56.0,182952.6,BK,HM,1,RP,2.36,0.55
PPH,45.72,188914.0,BK,HM,1,RP,1.9,1.0
PP,7.23,84762.94,BK,INJ,1,RP,2.68,10.42
PP,10.58,95255.0,BK,INJ,1,RP,2.0,11.0
HIPS,8.84,301234.0,BK,INJ,1,RP,4.3,2.0
HIPS,8.31,308813.9,BK,INJ,1,RP,4.2,1.73
HIPS,9.1,308370.9,BK,INJ,1,RP,3.56,1.8
-,8.84,293875.0,BK,INJ,1,RP,4.3,2.0
PPH,36.0,211132.1,BK,HM,1,RP,3.45,0.67
PPH,41.7,207555.0,BK,HM,1,RP,2.2,1.0
PPH,35.0,214121.7,BK,HM,1,RP,2.8,0.58
PPH,48.3,208822.6,BK,HM,1,RP,1.66,0.6
HIPS,3.0,305761.9,BK,X,1,RP,4.2,0.99
HIPS,3.14,300950.0,BK,X,1,RP,3.6,1.0
HIPS,2.6,301992.8,BK,X,1,RP,4.1,1.0
HIPS,3.4,300326.2,BK,X,1,RP,3.2,1.27
HIPS,3.5,295719.6,BK,X,1,RP,2.7,1.06
PPH,128.0,213135.8,BK,HM,1,RP,1.44,0.52
PPH,30.0,171351.2,BK,HM,1,RP,1.9,0.56
PPH,30.22,188050.0,BK,HM,1,RP,2.2,1.0
PPH,28.0,176855.2,BK,HM,1,RP,2.2,0.58
PPH,31.0,215944.7,BK,HM,1,RP,2.3,0.56
PP,34.0,167055.4,BK,HM,1,RP,2.4,0.97
HIPS,9.1,303337.6,BK,INJ,1,RP,6.0,1.62
HIPS,9.6,312541.2,BK,INJ,1,RP,4.22,1.63
HIPS,9.96,306567.0,BK,INJ,1,RP,4.4,1.0
HIPS,9.8,315415.0,BK,INJ,1,RP,4.3,1.11
HIPS,8.2,294974.7,BK,INJ,1,RP,4.0,1.63
PP,28.0,138711.2,BK,INJ,1,RP,1.5,1.66
ABS,2.9,335868.4,GREY,INJ,S,RP,1.7,2.9
ABS,2.98,341632.0,GREY,INJ,S,RP,2.0,3.0
ABS,2.98,340289.6,GREY,INJ,S,RP,1.68,3.0
ABS,3.37,348736.8,GREY,INJ,S,RP,2.3,2.7
PP,36.4,196460.1,BK,HM,1,RP,4.1,1.17
PP,32.75,194580.0,BK,HM,1,RP,3.6,1.0
PP,33.84,194664.0,BK,HM,1,RP,4.1,1.19
PP,34.0,167055.0,BK,HM,1,RP,2.4,1.0
PPH,37.24,181361.0,BK,HM,1,RP,1.7,1.0
PP,17.95,125727.0,BK,INJ,1,RP,1.41,0.65
PP,22.54,131012.3,BK,INJ,1,RP,1.03,0.58
PP,24.0,129053.1,BK,INJ,1,RP,0.91,0.7
PPH,36.0,179412.3,BK,HM,1,RP,2.32,0.64
PPH,36.2,171688.0,BK,HM,1,RP,2.3,1.0
PPH,35.0,155374.2,BK,HM,1,RP,2.2,0.61
PPH,38.0,180277.1,BK,HM,1,RP,3.1,0.55
PP,16.0,134314.7,BK,INJ,1,RP,3.48,1.6
PP,25.0,186758.3,BK,INJ,1,RP,1.1,0.57
PP,36.0,201741.7,BK,INJ,1,RP,2.28,0.62
PP,36.0,203724.6,BK,INJ,1,RP,1.61,0.57
PP,38.0,197367.5,BK,INJ,1,RP,1.2,0.61
PPH,37.0,195286.4,BK,HM,1,RP,1.73,0.53
PPH,43.43,192887.0,BK,HM,1,RP,1.9,1.0
PPH,38.0,205314.2,BK,HM,1,RP,2.8,0.49
PPH,39.0,177244.2,BK,HM,1,RP,2.9,0.6
PPH,49.0,193702.9,BK,HM,1,RP,1.43,0.57
HIPS,5.7,326344.9,BK,X,1,RP,3.2,1.32
HIPS,6.13,324718.0,BK,X,1,RP,3.5,2.0
HIPS,5.8,322734.9,BK,X,1,RP,4.56,1.4
HIPS,5.4,351092.5,BK,X,1,RP,2.1,1.31
HIPS,5.24,325481.7,BK,X,1,RP,2.02,1.8
HIPS,8.0,285953.6,BK,X,1,RP,5.2,1.5
PP,35.0,181621.7,BK,HM,1,RP,2.6,0.74
PP,61.0,181890.4,BK,HM,1,RP,4.0,1.32
PP,43.84,177935.0,BK,HM,1,RP,3.7,1.23
HIPS,7.4,309215.5,BK,X,1,RP,7.5,1.43
HIPS,7.05,304783.0,BK,X,1,RP,5.6,1.0
HIPS,7.6,311537.5,BK,X,1,RP,7.3,1.45
HIPS,6.6,319981.5,BK,X,1,RP,5.43,1.41
HIPS,6.0,316142.0,BK,X,1,RP,5.0,1.37
HIPS,5.9,296093.7,BK,X,1,RP,5.8,1.5
HIPS,7.6,296030.4,BK,X,1,RP,6.5,1.31
HIPS,7.4,295745.2,BK,X,1,RP,6.5,1.25
HIPS,9.06,279981.0,BK,X,1,RP,4.7,1.21
PP,27.8,138933.3,BK,INJ,1,RP,3.7,1.04
-,7.02,313578.0,BK,X,1,RP,5.7,1.0
-,6.13,317933.0,BK,X,1,RP,3.5,1.0
PP,12.0,156017.6,BK,INJ,1,RP,2.0,9.49
PP,36.0,197589.4,BK,HM,1,RP,2.1,0.69
HIPS,10.24,292683.0,BK,X,1,RP,4.9,2.0
HIPS,9.0,278276.7,BK,X,1,RP,4.5,1.6
PP,17.16,142976.0,BK,INJ,1,RP,1.4,6.0
PP,16.0,125774.1,BK,INJ,1,RP,2.4,3.73
PP,19.94,142658.4,BK,INJ,1,RP,1.83,9.24
PP,19.0,150104.6,BK,INJ,1,RP,1.2,9.65
PP,17.0,128549.6,BK,INJ,1,RP,0.8,2.77
PP,16.8,146429.2,BK,INJ,1,RP,1.27,6.4
PP,17.0,151296.7,BK,INJ,1,RP,1.19,2.73
PP,31.34,190257.5,BK,HM,1,RP,5.33,0.81
TPO,16.95,194650.0,BK,INJ,1,RP,16.0,6.0
TPO,15.0,194650.5,BK,INJ,1,RP,16.0,6.6
PP,25.71,223607.0,BK,INJ,1,RP,3.7,2.0
HIPS,6.9,301968.0,BK,X,1,RP,6.0,1.94
HIPS,7.73,302873.0,BK,X,1,RP,5.6,2.0
HIPS,6.4,307863.8,BK,X,1,RP,5.74,1.9
HIPS,7.1,312647.5,BK,X,1,RP,5.6,1.79
PP,31.71,203236.0,BK,INJ,1,RP,4.7,1.0
HIPS,3.3,294567.0,BK,X,1,RP,3.1,1.1
HIPS,3.5,290041.0,BK,X,1,RP,3.53,1.4
HIPS,3.18,293391.0,BK,X,1,RP,3.1,1.0
HIPS,3.25,295895.0,BK,X,1,RP,3.0,0.9
HIPS,2.78,293059.9,BK,X,1,RP,3.0,1.17
PP,29.8,197515.6,BK,INJ,1,RP,2.9,0.74
HIPS,8.53,297840.3,BK,X,1,RP,7.76,1.61
HIPS,7.97,299096.0,BK,X,1,RP,8.8,2.0
HIPS,8.4,298953.2,BK,X,1,RP,10.1,1.53
HIPS,6.9,300494.6,BK,X,1,RP,9.74,1.57
HIPS,6.4,313792.9,BK,X,1,RP,7.8,1.42
HIPS,6.99,330483.0,BK,X,1,RP,7.8,1.0
HIPS,7.2,327981.2,BK,X,1,RP,8.26,1.24
HIPS,7.6,326242.2,BK,X,1,RP,8.3,1.25
HIPS,7.0,340059.4,BK,X,1,RP,8.2,1.35
HIPS,7.2,343335.5,BK,X,1,RP,6.6,1.11
PP,30.0,200780.6,MIX,INJ,1,RG,1.0,0.64
PP,35.0,182383.7,BK,HM,1,RP,2.8,0.52
HIPS,6.3,316004.6,BK,X,1,RP,6.9,1.23
HIPS,5.47,316005.0,BK,X,1,RP,5.3,1.0
HIPS,8.4,310884.6,BK,X,1,RP,6.9,1.46
HIPS,4.5,263682.2,BK,X,3,RP,5.1,2.1
HIPS,4.35,260607.0,BK,X,3,RP,5.0,2.0
PP,14.2,148474.0,BK,INJ,1,RP,3.9,13.3
PP,20.62,157828.9,BK,INJ,1,RP,2.83,12.12
PP,18.14,151856.0,BK,INJ,1,RP,2.9,13.0
PP,18.2,145638.2,BK,INJ,1,RP,2.17,12.62
PP,24.0,147149.8,BK,INJ,1,RP,2.7,0.92
PP,24.0,151248.3,BK,INJ,1,RP,2.62,0.9
PP,40.3,151463.0,BK,HM,1,RP,2.2,1.0
PP,43.36,172720.2,BK,HM,1,RP,2.6,1.15
PP,40.0,135760.9,BK,HM,1,RP,2.3,1.05
PP,32.4,148223.4,BK,HM,1,RP,1.1,1.31
PP,34.1,165074.3,BK,INJ,1,RP,4.6,0.86
PP,24.4,199736.0,BK,INJ,1,RP,1.8,1.12
PP,30.0,200578.7,BK,HM,1,RP,2.49,1.05
PP,32.76,197978.3,BK,HM,1,RP,1.08,1.01
PP,34.48,194218.0,BK,HM,1,RP,1.6,1.0
PP,33.62,189012.6,BK,HM,1,RP,2.88,1.1
PP,35.0,199736.0,BK,HM,1,RP,1.85,1.09
PP,31.7,170491.1,BK,INJ,1,RP,2.1,1.06
PP,36.0,188175.4,BK,HM,1,RP,1.88,0.71
PP,35.82,203547.0,BK,HM,1,RP,2.1,1.0
PP,37.5,207697.2,BK,HM,1,RP,2.85,0.69
HIPS,3.16,302851.0,BK,X,1,RP,2.3,1.0
HIPS,3.3,300854.6,BK,X,1,RP,2.5,1.2
HIPS,3.5,306603.3,BK,X,1,RP,2.3,1.12
HIPS,6.7,311599.8,BK,X,1,RP,5.23,1.33
HIPS,7.75,296177.0,BK,X,1,RP,4.1,2.0
HIPS,7.34,297057.9,BK,X,1,RP,4.8,1.67
HIPS,8.0,297233.8,BK,X,1,RP,3.2,1.6
HIPS,7.0,299477.0,BK,X,1,RP,3.7,1.92
HIPS,8.6,291474.8,BK,X,1,RP,3.444,1.75
HIPS,6.1,277036.2,BK,X,1,RP,4.7,1.9
PP,27.0,177694.0,BK,INJ,1,RP,3.7,1.08
PP,26.42,177694.0,BK,INJ,1,RP,4.9,1.0
PP,16.0,169623.8,BK,INJ,1,RP,12.3,4.78
PP,19.8,171459.5,BK,INJ,1,RP,11.2,5.31
PP,37.72,144524.1,BK,HM,1,RP,12.76,2.96
HIPS,7.75,296177.0,MIX,X,1,RP,4.1,2.0
PP,22.76,163612.0,BK,INJ,1,RP,2.6,3.0
PP,22.0,158153.0,BK,INJ,1,RP,3.0,2.27
PP,22.0,158855.2,BK,INJ,1,RP,3.0,3.37
PP,23.58,166248.6,BK,INJ,1,RP,2.07,3.2
PP,23.4,167961.9,BK,INJ,1,RP,2.1,3.1
PP,23.3,159733.0,BK,INJ,1,RP,1.46,2.68
PP,40.0,198748.1,BK,HM,1,RP,2.2,0.6
PP,31.0,190021.4,BK,HM,1,RP,2.0,0.61
PP,33.56,201018.0,BK,HM,1,RP,2.0,1.0
PP,33.0,205057.4,BK,HM,1,RP,2.4,0.77
PP,37.8,210244.5,BK,HM,1,RP,1.68,0.68
PP,44.52,136523.3,BK,HM,1,RP,15.65,2.9
PP,38.53,153988.0,BK,HM,1,RP,12.8,3.0
HIPS,7.1,299992.3,BK,X,1,RP,4.05,1.92
PP,29.8,182938.8,BK,HM,1,RP,1.1,0.94
PP,22.0,168185.9,BK,INJ,1,RP,6.67,1.58
PP,25.0,158645.5,BK,INJ,1,RP,6.4,1.7
PP,33.83,163416.0,BK,INJ,1,RP,6.5,2.0
PP,35.0,170562.2,BK,HM,1,RP,7.8,1.61
PP,34.7,170562.0,BK,HM,1,RP,7.3,2.0
PS,4.9,316248.8,MIX,X,1,RP,0.81,0.68
PS,4.93,314631.0,MIX,X,1,RP,0.8,1.0
PS,5.0,313014.0,MIX,X,1,RP,0.74,0.63
HIPS,5.66,316832.4,BK,X,1,RP,4.98,1.24
HIPS,5.63,308424.0,BK,X,1,RP,4.7,1.0
HIPS,6.42,317093.0,BK,X,1,RP,3.79,1.35
HIPS,5.5,323506.8,BK,X,1,RP,4.92,1.24
HIPS,5.6,297457.1,BK,X,1,RP,4.71,1.35
GPPS,3.2,432858.8,BK,X,1,RP,1.9,0.59
GPPS,3.3,420164.7,BK,X,1,RP,2.2,0.51
HIPS,4.93,303149.9,BK,X,1,RP,7.34,1.07
HIPS,4.53,313248.0,BK,X,1,RP,7.4,1.0
HIPS,5.0,310216.8,BK,X,1,RP,7.4,1.12
HIPS,4.0,322458.8,BK,X,1,RP,7.3,1.22
HIPS,4.2,323069.0,BK,X,1,RP,7.42,1.16
PP,19.98,198371.5,BK,INJ,1,RP,7.81,1.12
PP,24.91,195887.0,BK,INJ,1,RP,8.1,1.0
PP,18.23,196059.2,BK,INJ,1,RP,8.6,1.07
PP,21.0,189185.8,BK,INJ,1,RP,4.3,1.1
PP,28.0,182843.1,BK,INJ,1,RP,3.5,1.12
PP,29.52,210604.2,BK,INJ,1,RP,9.62,0.99
PP,27.0,162759.2,MIX,EXT,1,RP,8.04,0.77
TPO,28.65,273493.0,BK,INJ,1,RP,22.6,6.0
TPO,31.0,275680.7,BK,INJ,1,RP,22.3,6.56
TPO,28.21,279052.3,BK,INJ,1,RP,22.04,5.63
TPO,29.0,262352.8,BK,INJ,1,RP,22.4,6.42
PP,18.7,134514.3,BK,INJ,S,RP,3.0,11.79
PP,18.6,135615.4,BK,INJ,S,RP,3.6,11.94
PP,21.35,114964.1,BK,INJ,S,RP,3.35,10.81
PP,19.2,119517.3,BK,INJ,S,RP,3.83,10.6
PP,31.7,181928.3,BK,HM,1,RP,3.4,1.3
PP,23.8,169777.5,BK,INJ,1,RP,2.4,1.14
TPO,18.0,225229.6,BK,INJ,1,RP,17.1,5.43
TPO,18.0,223915.0,BK,INJ,1,RP,16.2,5.5
TPO,20.79,227582.0,BK,INJ,1,RP,15.8,5.0
TPO,23.2,228284.1,BK,INJ,1,RP,17.4,5.53
TPO,22.0,232897.4,BK,INJ,1,RP,15.1,5.4
PP,31.7,181928.0,BK,HM,1,RP,3.4,1.0
PP,32.3,203748.6,BK,HM,1,RP,4.7,0.76
-,32.3,203749.0,-,-,-,-,4.7,1.0
PPH,36.84,210271.0,BK,HM,1,RP,3.9,1.0
PPH,40.0,210271.1,BK,HM,1,RP,4.74,0.62
PP,35.0,218512.3,BK,HM,1,RP,7.8,0.71
PP,33.4,209752.9,BK,HM,1,RP,8.73,1.26
PPH,28.0,242527.6,BK,INJ,1,RP,3.41,0.59
PPH,30.0,246179.9,BK,HM,1,RP,3.53,0.6
PPH,30.0,246180.0,BK,HM,1,RP,3.5,1.0
PP,33.0,228798.3,BK,HM,1,RP,3.88,0.95
PP,33.0,228798.0,BK,HM,1,RP,3.9,1.0
PPH,49.44,151272.0,BK,HM,1,RP,1.7,1.0
PPH,48.0,140641.0,BK,HM,1,RP,2.41,0.62
HIPS,10.0,300236.3,BK,X,1,RP,4.0,1.74
HIPS,10.4,304194.7,BK,X,1,RP,3.9,1.76
HIPS,10.33,304991.0,BK,X,1,RP,4.5,2.0
HIPS,10.2,313427.2,BK,X,1,RP,5.34,1.72
HIPS,10.14,310143.8,BK,X,1,RP,4.04,1.89
HIPS,8.5,302592.8,BK,X,1,RP,4.0,1.59
-,10.33,301260.0,BK,X,1,RP,4.5,2.0
PP,29.04,227872.8,BK,HM,1,RP,6.19,0.93
HIPS,5.6,312986.2,BK,X,1,RP,5.64,1.24
HIPS,4.7,306364.4,BK,X,1,RP,6.0,1.01
HIPS,5.47,309675.0,BK,X,1,RP,5.8,1.0
HIPS,4.76,318293.9,BK,X,1,RP,10.76,1.43
HIPS,4.79,297900.0,BK,X,1,RP,10.9,1.0
HIPS,4.8,277505.4,BK,X,1,RP,15.47,1.53
HIPS,8.46,295632.9,BK,X,1,RP,4.7,1.88
HIPS,7.02,296439.0,BK,X,1,RP,4.8,2.0
HIPS,7.2,305534.2,BK,X,1,RP,3.2,1.97
HIPS,6.7,249969.7,BK,X,1,RP,3.12,1.78
HIPS,5.3,303694.9,BK,X,1,RP,4.84,1.8
-,7.02,292107.0,BK,X,1,RP,4.8,2.0
HIPS,8.8,306431.4,BK,INJ,1,RP,6.3,1.68
-,49.41,151272.0,BK,HM,1,RP,1.7,1.0
PP,2.5,74728.17,BK,OFF,3,RP,0.42,10.9
PP,5.83,60944.0,BK,OFF,1,RP,0.9,10.0
PP,4.12,52958.38,BK,OFF,1,RP,0.75,11.51
PP,35.0,172567.6,BK,INJ,1,RP,5.1,0.92
PP,34.5,184702.0,BK,INJ,1,RP,5.0,1.0
HIPS,6.5,293018.4,BK,INJ,1,RP,11.3,1.78
PP,34.0,196837.3,BK,INJ,1,RP,5.0,0.88
ABS,2.47,260008.1,MIX,X,E,RG,3.79,5.66
PPH,33.4,197325.0,BK,HM,1,RP,2.2,1.0
PPH,32.0,197325.5,BK,HM,1,RP,2.62,0.85
HIPS,2.7,307378.0,BK,X,1,RP,4.0,1.0
HIPS,2.25,304491.3,BK,X,1,RP,4.14,1.0
HIPS,2.8,307829.2,BK,X,1,RP,4.2,0.98
HIPS,6.53,345475.9,BK,X,1,RP,5.17,1.96
HIPS,7.25,337009.0,BK,X,1,RP,5.1,2.0
HIPS,7.63,322054.5,BK,X,1,RP,4.93,2.08
HIPS,7.8,333382.5,BK,X,1,RP,4.53,1.66
HIPS,7.16,325012.4,BK,X,1,RP,5.01,1.6
HIPS,8.0,358919.6,BK,X,1,RP,3.99,1.15
GPPS,5.8,336047.0,MIX,X,1,RP,0.4,1.0
GPPS,6.0,335550.8,MIX,X,1,RP,0.45,1.16
GPPS,12.0,468800.6,MIX,X,1,RP,0.73,0.52
PP,33.5,186109.0,BK,HM,1,RP,2.1,0.85
HIPS,11.73,355279.3,BK,X,1,RP,3.92,1.08
HIPS,8.94,344651.0,BK,X,1,RP,4.7,1.0
HIPS,12.7,352766.1,BK,X,1,RP,4.9,1.06
HIPS,9.3,345522.3,BK,X,1,RP,4.2,1.25
HIPS,9.61,320780.0,BK,X,1,RP,3.57,1.18
HIPS,5.506,315682.8,BK,X,1,RP,4.79,1.19
PP,27.26,220800.9,BK,HM,1,RP,3.42,0.82
PP,33.0,190515.8,BK,HM,1,RP,1.6,0.67
PP,33.0,190516.0,BK,HM,1,RP,1.6,1.0
PP,27.26,220801.0,BK,HM,1,RP,3.4,1.0
PP,31.4,195224.5,BK,HM,1,RP,2.89,0.95
PP,32.0,184164.5,BK,HM,1,RP,2.49,0.93
PP,7.6,99317.81,BK,OFF,1,RP,0.45,10.5
TPO,22.0,189175.0,BK,INJ,1,RP,19.7,5.1
TPO,24.17,218610.0,BK,INJ,1,RP,19.2,5.0
TPO,20.0,196284.9,BK,INJ,1,RP,19.2,4.4
TPO,28.0,270371.6,BK,INJ,1,RP,19.9,4.89
HIPS,4.68,315886.8,BK,X,1,RP,5.85,1.32
HIPS,5.09,326765.0,BK,X,1,RP,5.5,1.0
HIPS,4.64,331121.3,BK,X,1,RP,5.7,1.36
HIPS,5.34,333929.3,BK,X,1,RP,7.8,1.31
HIPS,4.73,312379.7,BK,X,1,RP,4.2,1.57
HIPS,4.7,316720.0,BK,X,1,RP,4.56,1.82
-,5.09,325896.0,BK,INJ,1,RP,5.5,1.0
ABS,3.37,347475.0,BK,INJ,1,RP,3.8,2.0
ABS,3.24,325885.6,BK,INJ,1,RP,3.3,2.0
ABS,3.44,337863.5,BK,INJ,1,RP,4.1,1.85
PP,29.7,182955.0,BK,HM,1,RP,2.66,1.08
PP,29.72,182358.2,BK,HM,1,RP,1.9,1.12
PP,13.0,172513.2,BK,INJ,1,RP,1.31,1.17
PP,18.01,168084.7,BK,INJ,1,RP,1.85,1.09
PP,34.0,169561.6,BK,HM,1,RP,1.89,1.1
PP,32.53,168413.0,BK,HM,1,RP,1.7,1.0
PP,32.8,158080.0,BK,HM,1,RP,1.73,0.92
PP,31.86,162717.5,BK,HM,1,RP,1.5,0.95
PP,30.0,183293.4,BK,HM,1,RP,2.03,0.94
PP,38.6,140086.1,BK,HM,1,RP,0.64,1.89
PP,32.3,147209.5,BK,HM,1,RP,0.82,1.89
PP,36.9,149813.6,BK,HM,1,RP,1.21,2.02
PP,44.85,144958.1,BK,HM,1,RP,1.44,1.98
PP,35.5,149140.0,BK,HM,1,RP,1.4,2.0
PP,36.0,154182.1,BK,HM,1,RP,1.57,1.74
PP,34.64,150127.2,BK,HM,1,RP,1.8,1.9
PP,32.28,151604.7,BK,HM,1,RP,1.28,2.12
PP,32.0,148014.2,BK,HM,1,RP,1.33,1.53
-,35.52,145517.0,BK,HM,1,RP,1.4,2.0
PP,25.0,151905.9,BK,INJ,1,RP,5.59,0.7
PP,27.7,160034.5,BK,INJ,1,RP,5.21,0.75
PP,29.0,194789.4,BK,INJ,1,RP,5.76,1.72
HIPS,5.97,318851.5,BK,X,1,RP,5.3,1.39
HIPS,6.92,315711.0,BK,X,1,RP,5.5,1.0
HIPS,6.53,331758.9,BK,X,1,RP,6.47,1.17
HIPS,8.9,321519.8,BK,X,1,RP,6.6,1.15
HIPS,9.6,337023.7,BK,X,1,RP,7.24,1.42
HIPS,8.6,328569.3,BK,X,1,RP,6.69,1.51
HIPS,6.5,300405.4,BK,X,1,RP,6.31,1.41
HIPS,7.82,317676.0,BK,X,1,RP,6.02,1.26
HIPS,6.32,318218.3,BK,X,1,RP,3.42,1.66
PP,29.0,195258.6,BK,HM,1,RP,6.9,0.87
PP,31.0,209394.4,BK,HM,T,RP,2.38,0.87
PP,34.0,177179.3,BK,HM,1,RP,2.44,0.69
PP,30.86,191667.5,BK,HM,2,RP,1.2,0.63
PP,29.8,179306.3,BK,HM,1,RP,2.1,0.71
HIPS,4.19,280091.8,BK,X,1,RP,3.14,1.66
-,6.92,327545.0,-,-,-,-,5.5,1.0
PP,35.09,170235.0,BK,HM,1,RP,1.8,1.0
PP,39.0,162445.9,BK,HM,1,RP,1.4,0.83
HIPS,5.5,299180.5,BK,X,1,RP,4.8,1.33
PP,29.0,181334.3,BK,HM,1,RP,2.93,0.93
PP,32.54,172055.2,BK,HM,1,RP,1.78,0.97
PP,33.82,170973.0,BK,HM,1,RP,1.9,1.0
PP,34.96,169890.1,BK,HM,1,RP,1.81,0.78
PP,32.2,194129.3,BK,HM,1,RP,2.16,0.95
PP,38.62,204401.0,BK,HM,1,RP,2.8,1.0
PP,52.12,199532.1,BK,HM,1,RP,2.12,0.6
HIPS,5.5,299181.0,BK,X,1,RP,4.8,1.0
PP,29.64,181615.5,BK,HM,1,RP,2.44,0.92
PP,29.36,197125.0,BK,INJ,1,RP,6.6,2.0
PP,29.64,181616.0,BK,HM,1,RP,2.4,1.0
PP,4.88,46495.0,BK,INJ,1,RP,1.2,9.0
PP,4.86,41185.97,BK,INJ,1,RP,1.41,8.83
HIPS,6.21,361516.0,BK,X,1,RP,7.2,1.0
HIPS,7.44,374005.6,BK,X,1,RP,6.46,0.98
PP,38.01,203019.4,BK,HM,1,RP,2.55,0.92
PP,38.01,203019.0,BK,HM,1,RP,2.5,1.0
PP,29.0,163800.0,BK,INJ,1,RP,5.6,1.36
PP,8.8,160393.1,BK,INJ,1,RP,5.2,1.07
PP,9.42,147379.0,BK,INJ,1,RP,5.73,0.98
PP,27.9,165924.0,BK,INJ,1,RP,4.62,1.18
PP,20.98,142621.0,BK,INJ,1,RP,3.2,1.0
PP,20.2,144890.9,BK,INJ,1,RP,3.88,1.14
PP,20.4,146182.5,BK,INJ,1,RP,3.49,0.95
PP,19.96,146564.5,BK,INJ,1,RP,3.18,1.1
PP,20.0,139426.0,BK,INJ,1,RP,2.6,1.05
-,20.98,142001.0,BK,INJ,1,RP,3.2,1.0
HIPS,3.8,268403.2,BK,X,1,RP,5.19,1.84
HIPS,4.05,280553.0,BK,X,1,RP,5.3,2.0
HIPS,3.76,293514.1,BK,X,1,RP,5.11,1.51
HIPS,4.35,279742.2,BK,X,1,RP,6.7,1.47
PP,25.0,230725.1,BK,INJ,1,RP,8.71,0.62
PP,33.0,197541.3,BK,HM,1,RP,2.48,0.75
PP,33.0,197541.0,BK,HM,1,RP,2.5,1.0
PP,29.2,194872.0,BK,INJ,1,RP,2.88,1.27
PP,27.9,192123.7,BK,INJ,1,RP,2.7,1.22
PP,25.6,175984.6,BK,INJ,1,RP,1.64,1.36
PP,27.5,169966.4,BK,INJ,1,RP,1.92,1.25
PP,26.6,183237.0,BK,INJ,1,RP,2.2,1.0
HIPS,2.1,305824.2,BK,X,1,RP,1.77,0.86
HIPS,2.95,307086.0,BK,X,1,RP,2.7,1.0
PP,31.0,163878.9,BK,INJ,1,RP,4.1,1.09
HIPS,7.42,310497.0,BK,X,1,RP,9.5,2.0
HIPS,7.66,306525.8,BK,X,1,RP,10.4,1.8
HIPS,7.1,304693.3,BK,X,1,RP,9.64,1.92
HIPS,7.5,309703.8,BK,X,1,RP,9.58,1.9
HIPS,7.4,324389.8,BK,X,1,RP,9.42,1.88
HIPS,6.75,305981.9,BK,X,1,RP,7.81,2.054
HIPS,7.1,312610.2,BK,X,1,RP,8.7,2.14
-,7.42,309577.0,BK,X,1,RP,9.5,2.0
PP,32.0,198536.3,BK,HM,1,RP,2.65,0.76
PP,30.94,201401.8,BK,HM,1,RP,3.69,0.74
PP,24.4,169957.2,BK,INJ,1,RP,3.03,1.08
HIPS,6.68,306559.2,BK,X,1,RP,5.16,1.52
PP,21.31,161062.0,BK,INJ,1,RP,2.92,1.09
PP,23.3,171655.7,BK,INJ,1,RP,2.71,0.95
PP,21.2,168164.7,BK,INJ,1,RP,2.84,0.99
PP,23.2,165013.6,BK,INJ,1,RP,2.61,1.06
PP,20.58,169286.3,BK,INJ,1,RP,2.64,1.09
PP,20.5,147638.0,BK,INJ,1,RP,2.42,1.09
-,21.98,167639.0,BK,INJ,1,RP,2.7,1.0
PP,21.98,167639.0,MIX,INJ,R,RG,2.7,1.0
PP,38.2,176498.8,BK,HM,1,RP,2.91,0.73
TPO,24.1,209153.3,BK,INJ,1,RP,15.99,6.66
TPO,26.01,229181.7,BK,INJ,1,RP,16.86,6.28
TPO,26.44,232646.0,BK,INJ,1,RP,17.8,6.0
TPO,29.79,259604.1,BK,INJ,1,RP,21.72,6.34
PP,22.2,158836.7,BK,INJ,1,RP,6.35,0.84
PP,23.4,165644.2,BK,INJ,1,RP,5.48,0.92
PP,32.5,147132.7,BK,HM,1,RP,4.6,0.9
PP,28.79,154944.0,BK,INJ,1,RP,5.1,1.07
PP,31.2,147836.6,BK,HM,1,RP,4.73,1.05
PP,27.3,157428.2,BK,INJ,1,RP,4.53,0.88
PP,31.4,161862.2,BK,HM,1,RP,4.67,0.97
PP,32.0,149049.6,BK,INJ,1,RP,1.5,1.16
PP,34.32,168642.7,BK,HM,1,RP,3.37,0.74
HIPS,5.65,339880.2,BK,X,1,RP,5.51,1.18
HIPS,6.09,314376.0,BK,X,1,RP,4.6,1.0
HIPS,5.7,310256.6,BK,X,1,RP,5.68,1.18
HIPS,5.64,312898.0,BK,X,1,RP,5.1,1.02
-,6.09,308687.0,BK,X,1,RP,4.6,1.0
PP,34.32,168643.0,BK,HM,1,RP,3.4,1.0
